user_message,Date
"DSY Div A: â€Messages and calls are end-to-end encrypted. No one outside of this chat, not even WhatsApp, can read or listen to them.",2023-03-18 07:52:16
Aditya VIT: â€Aditya VIT created group â€œDSY div Aâ€,2023-03-18 07:52:16
DSY Div A: â€Aditya VIT added you,2023-03-18 07:52:17
Aditya VIT: Bollywood day sathi,2023-03-18 07:52:30
Aditya VIT: T-shirt print karayche ka?,2023-03-18 07:52:40
Aditya VIT: Chhichhore print karu?,2023-03-18 07:52:50
Aditya VIT: Kiva ajun kahi creative suchla tar sanga,2023-03-18 07:53:03
Niraj VIT: Ok ğŸ‘ğŸ‘Œ,2023-03-18 07:53:16
Aditya VIT: Correct 10 letters aahet,2023-03-18 07:53:24
Aditya VIT: Lavkar decide karu... Nahitar last moment la ghai hoilğŸ˜‚,2023-03-18 07:53:54
Niraj VIT: Bollywood day aahe kadhi ???,2023-03-18 07:54:14
Aditya VIT: Traditional nantar kadachit,2023-03-18 08:06:53
Aditya VIT: Next to next week,2023-03-18 08:07:01
Aditya VIT: Kadachit haa,2023-03-18 08:07:05
Aditya VIT: Not sure,2023-03-18 08:07:07
Shubham VIT: Monday yetaka koni,2023-03-18 08:21:38
Aditya VIT: Haa,2023-03-18 08:24:14
Niraj VIT: OS cha paper dakhavnaar aahe naa Monday tyasathi yetoy,2023-03-18 08:24:46
Aditya VIT: ğŸ˜‚,2023-03-18 08:25:07
Aditya VIT: Kadachit AT cha pan na,2023-03-18 08:25:53
Niraj VIT: Nice Ek teer do shikaar ğŸ—¿,2023-03-18 08:26:18
Shubham VIT: ğŸ˜‚,2023-03-18 08:26:44
Aditya VIT: ğŸ˜,2023-03-18 08:26:44
Aditya VIT: ğŸ˜‚ğŸ˜‚,2023-03-18 08:27:25
Aatmaja VIT: Okay ğŸ‘Œ,2023-03-18 08:39:50
Aatmaja VIT: Print la kiti divas lagtat,2023-03-18 08:40:02
Aatmaja VIT: ?,2023-03-18 08:40:05
Aditya VIT: Te vicharava lagel,2023-03-18 08:40:17
Aditya VIT: Sukha sukha print nako karayla,2023-03-18 08:40:27
Aatmaja VIT: Ha tech,2023-03-18 08:40:35
Aditya VIT: Te baki janani pan kela asnar,2023-03-18 08:40:38
Aditya VIT: Me sangto thodya velat,2023-03-18 08:40:44
Aditya VIT: Aahe ek idea,2023-03-18 08:40:47
Aatmaja VIT: Ha okay,2023-03-18 08:40:50
Aditya VIT: Yess,2023-03-18 08:41:24
Aatmaja VIT: Atleast 4 5 divas prior deuya banvyla jar asel tr,2023-03-18 08:41:49
Aditya VIT: Haa yess,2023-03-18 08:41:57
Kadambari Patel: Haa,2023-03-18 08:55:46
Kadambari Patel: Ideasss pleaseee,2023-03-18 08:55:58
Aditya VIT: â€image omitted,2023-03-18 09:12:28
Aditya VIT: Ani maa pratyek jan chya code madhe char at chi value different,2023-03-18 09:12:57
Aditya VIT: Ani ma tyacha op front side var,2023-03-18 09:13:06
Aatmaja VIT: ğŸ™ğŸ»,2023-03-18 09:13:16
Kadambari Patel: Bestttttt,2023-03-18 09:13:19
Kadambari Patel: ğŸ’ƒğŸ’ƒğŸ’ƒğŸ’ƒ,2023-03-18 09:13:21
Aatmaja VIT: ğŸ˜‚ğŸ˜‚ğŸ˜‚ğŸ˜‚,2023-03-18 09:13:20
Kadambari Patel: Engineering done right ğŸ¤£,2023-03-18 09:13:32
Kadambari Patel: The tshirt has fo be marroon na?,2023-03-18 09:13:48
Aditya VIT: Black?,2023-03-18 09:16:03
Aditya VIT: Black t shirt... Blue pant,2023-03-18 09:16:18
Aditya VIT: ?,2023-03-18 09:16:19
Kadambari Patel: Donee,2023-03-18 09:16:33
Kadambari Patel: Butt sun,2023-03-18 09:16:36
Kadambari Patel: Piche nai karate print,2023-03-18 09:16:41
Kadambari Patel: Mere baal pe kuch dikhega bhi nai,2023-03-18 09:16:57
Kadambari Patel: ğŸ¤£ğŸ¤£ğŸ¤£,2023-03-18 09:16:59
Aditya VIT: ğŸ˜‚ğŸ˜‚ğŸ˜‚ğŸ˜‚ğŸ˜‚ğŸ˜‚,2023-03-18 09:17:02
Aditya VIT: Aree haa.. Ladki log ka sochach nahi,2023-03-18 09:17:10
Aditya VIT: ğŸ˜‚ğŸ˜‚ğŸ˜‚,2023-03-18 09:17:11
Kadambari Patel: Atleast mera soch,2023-03-18 09:17:17
Aditya VIT: Toh kaise hoyega?,2023-03-18 09:17:22
Kadambari Patel: Dusare sabh k toh chote hai baal,2023-03-18 09:17:23
Kadambari Patel: ğŸ¤£ğŸ¤£ğŸ¤£,2023-03-18 09:17:25
Aditya VIT: ğŸ˜‚ğŸ˜‚,2023-03-18 09:17:28
Aatmaja VIT: Are white t shirt na?,2023-03-18 09:19:14
Aatmaja VIT: Ya black,2023-03-18 09:19:20
Aditya VIT: Kharab honar naa te,2023-03-18 09:19:26
Aditya VIT: Black is ideal na?,2023-03-18 09:19:33
Aatmaja VIT: Oky oky,2023-03-18 09:19:37
Aditya VIT: Saglyana suit pan karel,2023-03-18 09:19:41
Aditya VIT: Baki loka pan bolağŸ˜‚,2023-03-18 09:19:47
Aatmaja VIT: Haanaa,2023-03-18 09:19:58
Niraj VIT: Black is good,2023-03-18 09:20:53
Aditya VIT: Ajun kahi idea?,2023-03-18 09:28:04
Aatmaja VIT: Black ch chan disel,2023-03-18 09:29:36
Aditya VIT: Haa,2023-03-18 09:30:18
Aditya VIT: Ashya clr madhech print karu,2023-03-18 09:30:33
Aditya VIT: Aree baki loka pan bola?? ğŸ˜‚,2023-03-18 09:52:50
Aditya VIT: Parat te order vagere... Paise vagere baghava lagel naa,2023-03-18 09:53:06
Aditya VIT: He kay aata? ğŸ˜‚,2023-03-18 10:01:35
Kadambari Patel: Areyy,2023-03-18 10:02:20
Kadambari Patel: Cartoon character banke janayy,2023-03-18 10:02:32
Kadambari Patel: Kabh hai ye???,2023-03-18 10:02:37
Aditya VIT: Consecutive days bola,2023-03-18 10:02:45
Aditya VIT: Toh monday se?,2023-03-18 10:02:48
Kadambari Patel: Oh god,2023-03-18 10:03:06
Kadambari Patel: Muje nai aanayy,2023-03-18 10:03:10
Kadambari Patel: Ppr dekh k nikall jaugiğŸ¤£,2023-03-18 10:03:18
Kadambari Patel: https://www.instagram.com/reel/CpE0JPNIH34/?igshid=YmMyMTA2M2Y=,2023-03-18 13:16:26
Sanika VIT: Noice ğŸ‘¯ğŸ»â€â™€ï¸,2023-03-18 13:17:38
Aditya VIT: Apna alag rahegağŸ˜,2023-03-18 13:17:41
Aditya VIT: Code bid daal denge,2023-03-18 13:17:48
Aditya VIT: â€image omitted,2023-03-18 13:19:27
Sanika VIT: Op,2023-03-18 13:19:43
Aditya VIT: ğŸ›,2023-03-18 13:19:51
Sanika VIT: Black pai blue print na ?,2023-03-18 13:20:06
Aditya VIT: Harr ladki mast pose deke jariye ...baki ladke saab deadğŸ’€ğŸ˜‚ğŸ˜‚ğŸ˜‚,2023-03-18 13:20:31
Aditya VIT: Nahh,2023-03-18 13:20:33
Sanika VIT: Fir,2023-03-18 13:20:41
Aditya VIT: Asa colorful maybe?,2023-03-18 13:20:43
Sanika VIT: Front letter re,2023-03-18 13:20:53
Sanika VIT: Front side la ek letter,2023-03-18 13:20:59
Aditya VIT: White?,2023-03-18 13:21:00
Sanika VIT: Okie okie,2023-03-18 13:21:10
Aditya VIT: Tumhi sanga,2023-03-18 13:21:17
Sanika VIT: Chalega,2023-03-18 13:21:24
Aditya VIT: Sagle yenar aahet ka te decide kara adhiğŸ’€,2023-03-18 13:21:30
Aditya VIT: Chala... Poll timeğŸ˜‚,2023-03-18 13:22:08
Kadambari Patel: 20th march verve unveiling plus cosplay day,2023-03-18 13:32:28
Kadambari Patel: 21st traditional day unveiling,2023-03-18 13:32:28
Kadambari Patel: 22nd padwa sutti,2023-03-18 13:32:28
Kadambari Patel: 23rd trad day,2023-03-18 13:32:28
Kadambari Patel: 24th bollywood day,2023-03-18 13:32:28
Kadambari Patel: 25 26 sat sun ahe,2023-03-18 13:32:28
Kadambari Patel: 27 28 29 main verve,2023-03-18 13:32:28
Kadambari Patel: Shayad se aaisa hai routine,2023-03-18 13:32:38
Kadambari Patel: Not fixed though,2023-03-18 13:32:44
Aditya VIT: Unveiling ko bata denge kyaa... Kya kyaa karnay voh saab?,2023-03-18 13:34:19
Aditya VIT: Yaha kyaa hoga(,2023-03-18 13:34:40
Aditya VIT: Ms,2023-03-18 13:34:42
Aditya VIT: ? *,2023-03-18 13:34:43
Kadambari Patel: Haa,2023-03-18 13:35:27
Kadambari Patel: Sports shayad,2023-03-18 13:35:40
Aditya VIT: Bapre,2023-03-18 13:35:41
Aditya VIT: Aaj shaam tak decide karo firr,2023-03-18 13:35:53
Aditya VIT: Apne plan kaa kyaa scene,2023-03-18 13:35:59
Kadambari Patel: Print karnay na tshirtt,2023-03-18 13:36:15
Aditya VIT: Haa haa vaii,2023-03-18 13:36:21
Kadambari Patel: Kiska vaha sasta hogaa,2023-03-18 13:36:30
Sanika VIT: Bollywood day la tshirt print,2023-03-18 13:36:30
Aditya VIT: 10 jan mese ek bhi nahi aaya toh compilation error hoyegağŸ˜‚,2023-03-18 13:36:42
Sanika VIT: ğŸ˜‚ğŸ˜‚,2023-03-18 13:36:47
Aditya VIT: Mai dekhtay aaj,2023-03-18 13:36:49
Kadambari Patel: Mai puchke batati price mere waha,2023-03-18 13:36:59
Aditya VIT: Yess,2023-03-18 13:37:02
Kadambari Patel: Dusare sabh bhi puchu,2023-03-18 13:37:05
Aditya VIT: Jisko possible saab pucho,2023-03-18 13:37:11
Kadambari Patel: Haaa,2023-03-18 13:37:17
Aditya VIT: Jaha sasta vaha,2023-03-18 13:37:25
Kadambari Patel: Yesss,2023-03-18 13:37:40
Aditya VIT: Considering considerable quality,2023-03-18 13:37:43
Sanika VIT: Haa,2023-03-18 13:37:46
Aditya VIT: Yess,2023-03-18 13:40:14
Sanket VIT: T-shirt Collar vale pahije ki round collar vale chaltil,2023-03-18 14:08:27
Aditya VIT: Round,2023-03-18 14:11:17
Aditya VIT: From my side,2023-03-18 14:11:26
Kadambari Patel: Yesss,2023-03-18 14:11:45
Kadambari Patel: Sabhkaa haa samje na???,2023-03-18 14:11:52
Kadambari Patel: Print karne,2023-03-18 14:12:00
Aditya VIT: Vote kardo ğŸ™,2023-03-18 14:12:05
Aditya VIT: Fatafat,2023-03-18 14:12:07
Sanket VIT: Vote to karo pahile,2023-03-18 14:12:12
Sanket VIT: Ha,2023-03-18 14:12:15
Kadambari Patel: Kiyaaa,2023-03-18 14:12:31
Aditya VIT: Kon kon bakiye?,2023-03-18 14:12:31
Kadambari Patel: PatelğŸ¤£ğŸ¤£,2023-03-18 14:12:42
Aditya VIT: @919372250702 @919324596462 @919987017427,2023-03-18 14:12:42
Aditya VIT: Hech na?,2023-03-18 14:12:48
Aditya VIT: ğŸ˜‚ğŸ˜‚ğŸ˜‚,2023-03-18 14:12:51
Kadambari Patel: .,2023-03-18 14:13:01
Shubham 2 VIT: ğŸ‘,2023-03-18 14:14:02
Aditya VIT: Sorry @919619883660,2023-03-18 14:14:26
Shubham 2 VIT: ğŸ—¿,2023-03-18 14:14:34
Aditya VIT: Tu kela naa adhichğŸ˜‚,2023-03-18 14:14:34
Aditya VIT: Sorry sorry ğŸ˜‚ğŸ˜‚,2023-03-18 14:14:38
Aditya VIT: Naava change kara beğŸ˜‚,2023-03-18 14:14:52
Shubham 2 VIT: Most common name bc,2023-03-18 14:16:08
Aditya VIT: Us bhai us,2023-03-18 14:16:17
Shubham 2 VIT: ğŸ˜‚ğŸ˜‚,2023-03-18 14:16:29
Aditya VIT: ğŸ˜‚,2023-03-18 14:16:34
Sanikaa VIT A: Yes yess,2023-03-18 14:31:33
Aditya VIT: Vote,2023-03-18 14:31:44
Aditya VIT: Ajun kon bakiyee,2023-03-18 14:32:02
Aditya VIT: 1?,2023-03-18 14:32:04
Sanikaa VIT A: ğŸ˜‚ğŸ˜‚yes kela vote,2023-03-18 14:32:09
Sanikaa VIT A: Cosplay sathi kahi kon karnar ahe ka,2023-03-18 14:32:22
Aditya VIT: Majha plan chalu aahe,2023-03-18 14:33:44
Sanikaa VIT A: Ky plan sang,2023-03-18 14:34:51
Aditya VIT: Pehle aapğŸ˜‚,2023-03-18 14:36:07
Sanikaa VIT A: Mujhe vampire diaries jaise vampire he Bana hai ğŸ˜¹,2023-03-18 14:37:08
Sanikaa VIT A: Nai tho walking dead ke zombies ğŸ˜‚,2023-03-18 14:37:15
Sanika VIT: Broo ğŸ˜‚,2023-03-18 14:39:03
Aditya VIT: Woh irl nahi hai apan?,2023-03-18 14:39:17
Sanikaa VIT A: Tu bata what idead do you have ?,2023-03-18 14:39:56
Aditya VIT: â€image omitted,2023-03-18 14:40:29
Aditya VIT: âœ¨âœ¨âœ¨,2023-03-18 14:40:34
Sanika VIT: Aree ğŸ˜‚,2023-03-18 14:40:37
Sanikaa VIT A: Shishibaba ğŸ˜‚ğŸ˜‚ğŸ˜‚,2023-03-18 14:40:40
Sanika VIT: ğŸ˜‚ğŸ˜‚,2023-03-18 14:40:43
Aditya VIT: â€image omitted,2023-03-18 14:41:19
Sanikaa VIT A: â€image omitted,2023-03-18 14:41:34
Aditya VIT: Easy ğŸ¤¡,2023-03-18 14:41:54
Sanikaa VIT A: Easy peasy,2023-03-18 14:42:17
Sanikaa VIT A: Aur kuch hai adiyaa ?,2023-03-18 14:42:49
Aditya VIT: Aditya*,2023-03-18 14:42:58
Sanikaa VIT A: I mean ajun kahi shodla ka cosplay sathi,2023-03-18 14:42:58
Sanikaa VIT A: Aadityaa,2023-03-18 14:43:09
Aditya VIT: Me majha baghitla faktğŸ˜‚,2023-03-18 14:43:13
Aditya VIT: Trim(a),2023-03-18 14:43:24
Sanikaa VIT A: Achaa hech karnar ahe so tuğŸ˜‚,2023-03-18 14:43:26
Shubham 2 VIT: â€image omitted,2023-03-18 14:43:39
Sanikaa VIT A: Dity,2023-03-18 14:43:40
Shubham 2 VIT: ğŸ¤£ğŸ¤£,2023-03-18 14:43:41
Sanikaa VIT A: DamnnnğŸ˜‚ğŸ˜‚ğŸ˜‚ğŸ¤Œ,2023-03-18 14:43:53
Aditya VIT: He karnya peksha dora bari,2023-03-18 14:43:53
Aditya VIT: ğŸ˜‚ğŸ˜‚ğŸ˜‚ğŸ˜‚ğŸ˜‚ğŸ˜‚,2023-03-18 14:44:03
Sanikaa VIT A: Yesss so true doraağŸ˜‚ğŸ˜‚,2023-03-18 14:44:08
Aditya VIT: Ahhh yeahh,2023-03-18 14:44:09
Aditya VIT: ğŸ˜‚,2023-03-18 14:45:19
Aditya VIT: Baki lok yetayt na?,2023-03-18 14:46:56
Aditya VIT: Cosplay?,2023-03-18 14:47:00
Sanika VIT: Yessss,2023-03-18 14:47:05
Sanikaa VIT A: Ayee jk whatcha you gonna do ?,2023-03-18 14:47:22
Sanikaa VIT A: Kahi vichar kela ka tu,2023-03-18 14:47:28
Sanika VIT: Pinterest var bghtey ğŸ±,2023-03-18 14:48:40
Sanikaa VIT A: Okeieie,2023-03-18 14:49:26
Aditya VIT: Why is jk?,2023-03-18 14:49:57
Sanikaa VIT A: Secrets,2023-03-18 14:50:06
Sanika VIT: â˜ ï¸,2023-03-18 14:50:12
Sanikaa VIT A: â€sticker omitted,2023-03-18 14:50:34
Aditya VIT: 1 kon bakiye... Karun taka bc patkan... ğŸ¤ŒğŸ»,2023-03-18 14:50:42
Aditya VIT: Nahitar ekhata H kadhun takayla,2023-03-18 14:51:06
Sanika VIT: Tu swata ?.,2023-03-18 14:52:33
Sanikaa VIT A: â€sticker omitted,2023-03-18 14:53:04
Aditya VIT: Ohh haaa... 10 madhe me pan yenar naağŸ’€,2023-03-18 14:53:47
Aditya VIT: F,2023-03-18 14:53:49
Aditya VIT: Yess m in,2023-03-18 14:54:00
Sanika VIT: ğŸ™ƒğŸ™ƒ,2023-03-18 14:54:04
Sanikaa VIT A: Shishibaba ğŸ˜‚ğŸ˜‚,2023-03-18 14:54:06
Sanika VIT: ğŸ˜‚ğŸ˜‚,2023-03-18 14:54:08
Sanika VIT: Zale 10/10 âœ´ï¸,2023-03-18 14:54:15
Sanikaa VIT A: Swatalach shivya ghalat hotas mag ğŸ˜¹ğŸ˜¹,2023-03-18 14:54:17
Sanika VIT: ğŸ˜‚ğŸ˜‚,2023-03-18 14:54:20
Sanikaa VIT A: ğŸ˜‚ğŸ˜‚ğŸ˜‚Aditya being Aditya,2023-03-18 14:54:29
Aditya VIT: Slow cache mem issues,2023-03-18 14:54:48
Aditya VIT: 24th la. Mast insta var 2 grp photos collage karun taku.. Varcha photo madhe code... Khali mast output,2023-03-18 14:57:52
Sanika VIT: Yes layouts mahdye full,2023-03-18 14:58:27
Sanika VIT: But tshirt cha bandobast ?,2023-03-18 14:58:35
Aditya VIT: Jyanna possible sagle bagha,2023-03-18 14:58:47
Aditya VIT: Me aaj jail maybe sandhya kali,2023-03-18 14:58:53
Aditya VIT: Baghayla,2023-03-18 14:58:58
Aditya VIT: Cotton na?,2023-03-18 14:59:07
Sanikaa VIT A: Yess yes okiee,2023-03-18 15:01:07
Sanikaa VIT A: Ha cotton,2023-03-18 15:01:11
Aditya VIT: Haa,2023-03-18 15:01:14
Sanika VIT: Yess,2023-03-18 15:01:59
Aditya VIT: ğŸ¤,2023-03-18 15:02:10
Aditya VIT: Code yach color madhe naa?,2023-03-18 15:24:29
Aditya VIT: Pakka?,2023-03-18 15:24:31
Sanika VIT: Chalega,2023-03-18 15:25:19
Aditya VIT: Plain black?,2023-03-18 15:25:29
Sanika VIT: Font hech na as,2023-03-18 15:25:35
Aditya VIT: M good with it,2023-03-18 15:25:54
Sanika VIT: Black ch chan vatel ğŸ™ƒ,2023-03-18 15:25:59
Aditya VIT: Baki?,2023-03-18 15:26:00
Aditya VIT: Yess,2023-03-18 15:26:05
Sanika VIT: Yess meko chalega,2023-03-18 15:26:11
Sanikaa VIT A: Yes yes black he,2023-03-18 15:28:14
Aditya VIT: Haa,2023-03-18 15:28:20
Aditya VIT: â€image omitted,2023-03-18 15:39:02
Aditya VIT: Kuthla changla vattoy?,2023-03-18 15:39:09
Shubham 2 VIT: Second wala,2023-03-18 15:40:14
Aditya VIT: Same,2023-03-18 15:40:41
Aditya VIT: Font pan changla aahe,2023-03-18 15:40:49
Shubham 2 VIT: Xl,2023-03-18 15:40:52
Aniket VIT: Same,2023-03-18 15:41:36
Aditya VIT: Index value kuthli pan chalel naa tumhala? ğŸ˜‚,2023-03-18 15:53:14
Aditya VIT: Mns... H 4 aahet naa...,2023-03-18 15:53:20
Sanikaa VIT A: ğŸ˜‚yes,2023-03-18 15:54:08
Aditya VIT: Maa charAt chi value change honar... Tasa ma konala charAt(1) next charAt(2),2023-03-18 15:54:25
Aditya VIT: Asa chalel na?,2023-03-18 15:54:31
Sanikaa VIT A: Han,2023-03-18 15:54:47
Aditya VIT: â€sticker omitted,2023-03-18 15:55:24
Aatmaja VIT: â€Aatmaja VIT changed the subject to â€œDSY Div Aâ€,2023-03-18 16:06:39
Aditya VIT: He final na?,2023-03-18 16:03:03
Aditya VIT: Samor letter kuthlya color madhe?,2023-03-18 16:03:13
Sanika VIT: ğŸ‘ğŸ»,2023-03-18 16:03:40
Aditya VIT: White na,2023-03-18 16:03:42
Sanika VIT: Chalega,2023-03-18 16:03:48
Aditya VIT: Ani font pan hach theuya?,2023-03-18 16:03:57
Aniket VIT: Jo changl watel to,2023-03-18 16:04:00
Aditya VIT: Helpful answer âœ¨,2023-03-18 16:04:22
Aniket VIT: From helpful person ğŸ˜„,2023-03-18 16:04:36
Aditya VIT: ğŸ™ğŸ™ğŸ™,2023-03-18 16:04:45
Aditya VIT: Aplya sahayata sathi mandal abhari aaheğŸ™,2023-03-18 16:05:07
Sanket VIT: Konte konte letter baki ahet,2023-03-18 16:05:23
Aditya VIT: C H H R,2023-03-18 16:06:04
Aditya VIT: @919372250702 ?,2023-03-18 16:08:45
Niraj VIT: ????ğŸ—¿,2023-03-18 16:13:29
Sanika VIT: .,2023-03-18 16:13:49
Aditya VIT: ğŸ˜‚,2023-03-18 16:13:52
Aniket VIT: Ky ny jevla ka v4toy to tula,2023-03-18 16:14:08
Aditya VIT: ğŸ˜‚ğŸ˜‚ğŸ˜‚,2023-03-18 16:14:21
Sanket VIT: ğŸ˜‚ğŸ˜‚,2023-03-18 16:14:38
Aniket VIT: â€GIF omitted,2023-03-18 16:15:59
Aditya VIT: Letter not found,2023-03-18 16:16:25
Aditya VIT: Character*,2023-03-18 16:16:30
Aniket VIT: ğŸ˜‚ğŸ˜‚,2023-03-18 16:16:46
"Aditya VIT: Str ! = ""the conjuring""",2023-03-18 16:17:02
Niraj VIT: Bina character taak mag aadhi design dakhav garaj vatli tar letter change Karen ğŸ˜‚,2023-03-18 16:18:16
Aditya VIT: Mhanje? ğŸ˜‚,2023-03-18 16:19:06
Niraj VIT: Kahi nahi jaude ğŸ˜‚,2023-03-18 16:19:22
Niraj VIT: â€GIF omitted,2023-03-18 16:20:09
Aditya VIT: Ayushyaat kahi aahech nahi baba yachyağŸ˜‚ğŸ˜‚ğŸ˜‚ğŸ˜‚,2023-03-18 16:20:45
Aniket VIT: C de tyla,2023-03-18 16:20:55
Aditya VIT: Dyaycha tar de nahi tar rahude asa challay ğŸ˜‚ğŸ˜‚ğŸ˜‚,2023-03-18 16:21:05
Niraj VIT: Mala tar kasla context ch mahit nahi chats pan read nahi kele aahet kyy chalu aahe kyy mahit,2023-03-18 16:21:42
Aditya VIT: ğŸ˜‚ğŸ˜‚ğŸ˜‚ğŸ˜‚,2023-03-18 16:21:51
Aditya VIT: T shirt war letter print honar aahe naa,2023-03-18 16:22:01
Aditya VIT: Maa tyaa sathi challay,2023-03-18 16:22:05
Aditya VIT: Kuthla letter pahije tula,2023-03-18 16:22:11
Sanket VIT: C de yacha Baki bhagu pudhe,2023-03-18 16:22:17
Aditya VIT: Chhichhore madhun,2023-03-18 16:22:17
Aditya VIT: DONEğŸ˜‚,2023-03-18 16:22:24
Niraj VIT: C de,2023-03-18 16:22:26
Aditya VIT: Haa haa,2023-03-18 16:22:30
Aditya VIT: Yess,2023-03-18 16:22:31
Niraj VIT: Aai zhavli kahi izzat ch nahi mala ğŸ™‚,2023-03-18 16:22:49
Aditya VIT: Niraj patel na?,2023-03-18 16:23:04
Aniket VIT: Us bhai us,2023-03-18 16:23:10
Sanket VIT: Aushyat kon dwtay izzatğŸ˜‚ğŸ˜‚,2023-03-18 16:23:12
Niraj VIT: â€GIF omitted,2023-03-18 16:23:36
Niraj VIT: Niraj Jadhav ch thev baba yaanch aiku nakos pahije tar bracket madhe patel taaka,2023-03-18 16:24:22
Sanket VIT: ğŸ˜‚ğŸ˜‚,2023-03-18 16:24:36
Aditya VIT: ğŸ˜‚ğŸ˜‚ğŸ˜‚,2023-03-18 16:24:38
Sanket VIT: Niraj Jadhav(Patel),2023-03-18 16:24:53
Niraj VIT: â€sticker omitted,2023-03-18 16:25:30
Aditya VIT: â€image omitted,2023-03-18 16:31:56
Aditya VIT: @919619883660 saheb size sangağŸ˜‚,2023-03-18 16:32:05
Aniket VIT: Yuppp yupp,2023-03-18 16:32:29
Sanikaa VIT A: Yess,2023-03-18 16:32:39
Niraj VIT: Lmao ğŸ¤£ğŸ¤£ğŸ¤£ğŸ¤£ğŸ¤£,2023-03-18 16:32:41
Aditya VIT: 2nd year madhe pahilyanda table madhe line akhlya aahetğŸ¤ŒğŸ»,2023-03-18 16:35:21
Sanika VIT: ğŸ”¥,2023-03-18 16:35:55
Shubham 2 VIT: *Excel has left the chat*,2023-03-18 16:35:58
Aditya VIT: Pahili wali scale ne try keli... Ti pan vakdi aali... Maa nantar free handğŸ¤ŒğŸ»ğŸ¤ŒğŸ»âœ¨,2023-03-18 16:36:39
Niraj VIT: Porin var line maraychya vayaat book line martoy ğŸ¤£,2023-03-18 16:37:05
Sanket VIT: Ti pn saral marat nay ğŸ˜‚ğŸ˜‚,2023-03-18 16:37:21
Aditya VIT: Line marta marta mich maar khalla tar?,2023-03-18 16:37:29
Niraj VIT: ğŸ˜‚ğŸ˜‚ğŸ˜‚,2023-03-18 16:37:34
Niraj VIT: Khaaych mag ğŸ˜‚ğŸ˜‚,2023-03-18 16:37:43
Aditya VIT: Mhanun maa notebook ğŸ‘,2023-03-18 16:37:46
Aniket VIT: Yevthh ky tyat mulin ch maar khanar na shwetiğŸŒ,2023-03-18 16:38:08
Niraj VIT: Jaude plan cancel kar ğŸ˜‚,2023-03-18 16:38:35
Aniket VIT: Kharch ch jimmedari. M gheto,2023-03-18 16:38:36
Aditya VIT: Maarla tar thikey... Nakha ghusavtat... Infection ne marun jail,2023-03-18 16:38:41
Aniket VIT: Maar khaych tu ghe,2023-03-18 16:38:41
Aditya VIT: Bara thikey,2023-03-18 16:38:57
Aditya VIT: Monday la yaa saglyani,2023-03-18 16:39:03
Aditya VIT: Show baghayla,2023-03-18 16:39:22
Niraj VIT: Chal abhi bohot hogaya eka joke laa kiti khechnaar,2023-03-18 16:39:28
Aditya VIT: How a sabhya boy from inft was beaten up by bunch of girls,2023-03-18 16:39:31
Aditya VIT: Yaatach majja aaheğŸ˜ŒğŸ˜‚,2023-03-18 16:39:44
Aniket VIT: Yeahhh mazee,2023-03-18 16:39:52
Niraj VIT: Soframycin gheun yeto,2023-03-18 16:39:53
Aniket VIT: Ha ğŸ˜‚ğŸ’¯,2023-03-18 16:40:05
Aditya VIT: ğŸ¤,2023-03-18 16:40:06
Niraj VIT: Masochist Aniket ğŸ¤£,2023-03-18 16:40:10
Aditya VIT: ğŸ˜‚ğŸ˜‚ğŸ˜‚,2023-03-18 16:40:22
Aditya VIT: â€image omitted,2023-03-18 16:42:24
Aditya VIT: Updated*,2023-03-18 16:43:11
Aniket VIT: Ha ha nope nope sahi sahi hai,2023-03-18 16:43:14
Niraj VIT: Jo bolna hei ek baar do baar words kyu repeat kar raha hei,2023-03-18 16:44:40
Kadambari Patel: Mere waha 400 bolre haii,2023-03-18 16:44:44
Kadambari Patel: Print ka,2023-03-18 16:44:50
Kadambari Patel: Mere yahase mai karteee,2023-03-18 16:44:58
Kadambari Patel: Nai*,2023-03-18 16:45:03
Aniket VIT: ğŸ˜­ğŸ˜­ğŸ˜­ Gomen,2023-03-18 16:45:08
Aditya VIT: Wait wait... Shaam ko. Meeting haiğŸ¤,2023-03-18 16:45:23
Kadambari Patel: Kuch jyada he hai price,2023-03-18 16:45:30
Kadambari Patel: KabhğŸ¤£,2023-03-18 16:45:34
Aditya VIT: 6.30,2023-03-18 16:45:41
Kadambari Patel: Okay,2023-03-18 16:45:45
Aditya VIT: Haa vaii,2023-03-18 16:45:46
Aditya VIT: Haa haa vaaii vaaii toh toh,2023-03-18 16:46:06
Niraj VIT: â€sticker omitted,2023-03-18 16:47:38
Aniket VIT: ğŸ¤£ğŸ¤£ğŸ¤£,2023-03-18 16:47:49
Aditya VIT: Good good boy boy,2023-03-18 16:47:53
Aniket VIT: Aarriiaariigaatoogaato,2023-03-18 16:48:08
Aditya VIT: Discussion kashya cha karaychay... Apan kay kartoyâœ¨,2023-03-18 16:48:17
Aniket VIT: That's why we are chhichhores bro,2023-03-18 16:49:59
Aditya VIT: Us,2023-03-18 16:50:12
Aatmaja VIT: Ajun koni v4la ka ?,2023-03-18 16:51:59
Niraj VIT: Cosplay ch kyy karaych aahe kaa ???,2023-03-18 16:52:21
Aatmaja VIT: Aditya makad banun yetoy dora mdhlağŸ˜Œ,2023-03-18 16:54:52
Aditya VIT: Yesss,2023-03-18 16:55:08
Aditya VIT: Yaar secret hota naa,2023-03-18 16:55:18
Aditya VIT: ğŸ¤¦ğŸ»â€â™‚ï¸ğŸ¤¦ğŸ»â€â™‚ï¸,2023-03-18 16:55:20
Aatmaja VIT: ğŸ‘¢ boots,2023-03-18 16:55:24
Aditya VIT: Jaude... Tasa pan jast kahi costume chi garaj nahiye,2023-03-18 16:55:39
Aditya VIT: Fakt ek tail,2023-03-18 16:55:44
Aditya VIT: Bass,2023-03-18 16:55:45
Aatmaja VIT: ğŸ¤£ğŸ¤£ğŸ¤£,2023-03-18 16:55:50
Aditya VIT: Thodi holi khelun yeil,2023-03-18 16:56:09
Aditya VIT: N then m ready,2023-03-18 16:56:13
Aditya VIT: âœ¨,2023-03-18 16:56:15
Aatmaja VIT: ğŸ‘€,2023-03-18 16:56:20
Aditya VIT: ğŸ˜ŒğŸ˜Œ,2023-03-18 16:56:29
Niraj VIT: ğŸ¤£ğŸ¤£ğŸ¤£,2023-03-18 16:57:01
Shubham 2 VIT: â€sticker omitted,2023-03-18 17:40:21
Shubham VIT: Xxl,2023-03-18 17:44:13
Aditya VIT: Okay,2023-03-18 17:48:26
Aditya VIT: Kon kon aahe?,2023-03-18 18:11:19
Aditya VIT: 340 boltayt,2023-03-18 18:57:44
Aditya VIT: Kay karaycha?,2023-03-18 18:57:53
Shubham 2 VIT: Lay mahag ae,2023-03-18 18:58:27
Aditya VIT: TechğŸ¥²,2023-03-18 18:58:54
Aditya VIT: Kapda vagere changla hota,2023-03-18 18:59:10
Aditya VIT: But pricing thodi jastach aahe,2023-03-18 18:59:20
Aatmaja VIT: Pan changla disel ğŸ”¥,2023-03-18 19:00:22
Aditya VIT: PriceğŸ¥²,2023-03-18 19:00:31
Aatmaja VIT: Hmm bola sagle ?,2023-03-18 19:01:28
Aatmaja VIT: Kay krycha,2023-03-18 19:01:30
Aditya VIT: Polyester pahije asel tar milel 250 paryant,2023-03-18 19:05:28
Aditya VIT: But te kharab,2023-03-18 19:05:32
Shubham 2 VIT: Zudio madhun aan saral,2023-03-18 19:05:50
Shubham 2 VIT: 250 madhe ğŸ¤£,2023-03-18 19:05:55
Aatmaja VIT: Ani print cha kay?,2023-03-18 19:06:08
Aditya VIT: Haa tu tujhya printer ne print karr,2023-03-18 19:06:16
Aditya VIT: ğŸ‘,2023-03-18 19:06:17
Aatmaja VIT: ğŸ¤£ğŸ¤£ğŸ¤£ğŸ¤£ğŸ¤£,2023-03-18 19:06:22
Aatmaja VIT: Mag kay,2023-03-18 19:06:24
Aditya VIT: Haa naağŸ˜‚,2023-03-18 19:06:40
Shubham 2 VIT: Best idea,2023-03-18 19:08:26
Shubham 2 VIT: Are but tasa karu shakto legit istri ne,2023-03-18 19:08:37
Shubham 2 VIT: Colour print t-shirt var thevun mast iron karayhchi,2023-03-18 19:08:47
Shubham 2 VIT: Swastat mast,2023-03-18 19:08:55
Aditya VIT: Tu karun değŸ‘,2023-03-18 19:09:10
Aditya VIT: Tyane mala 2 type che t shirt dakhavle... Swasta wala hota toh 310...320 paryant yeil.. But toh bolla ki print 340 valyavar yeil changli...,2023-03-18 19:12:55
Aditya VIT: Thoda kami karayla sangitla tar bolla ki minimum price aahe... Ya peksha kami nahi honar,2023-03-18 19:13:22
Shubham 2 VIT: sed,2023-03-18 19:16:16
Aditya VIT: Kay karay cha bolağŸ˜‚,2023-03-18 19:16:31
Aditya VIT: Udya paryant sangitla tar maa 23 la miltil,2023-03-18 19:17:02
Shubham 2 VIT: kadhi ahe apla,2023-03-18 19:17:44
Aditya VIT: 24 la na,2023-03-18 19:18:11
Aditya VIT: ...,2023-03-18 19:19:20
Kadambari Patel: Dusara koi pucha kya?,2023-03-18 19:28:29
Aatmaja VIT: Mereko lgty apn kidhr bhi jaynge minimum itna hi hoga,2023-03-18 19:34:44
Aatmaja VIT: But quality aur print ke hisab se price worth hona chahiye,2023-03-18 19:35:15
Aditya VIT: Haa,2023-03-18 19:35:27
Aditya VIT: Reply dya reğŸ¥²ğŸ˜‚,2023-03-18 19:35:54
Shubham VIT: Bol na 10 t shirt ahet Kami kar,2023-03-18 19:37:54
Aditya VIT: Toh bolla 100 la jo bhav lavto tyaa bhavane det aahe,2023-03-18 19:38:40
Shubham VIT: Kapdycha pic kadalay ka tu,2023-03-18 19:39:28
Shubham VIT: Print donhi side ahe ka?,2023-03-18 19:41:18
Shubham VIT: Ek side,2023-03-18 19:41:25
Aatmaja VIT: 2 side asel maybe ?,2023-03-18 19:42:29
Shubham VIT: Kapdyach pic ahe ka tya,2023-03-18 19:42:39
Aditya VIT: Nahi,2023-03-18 19:52:40
Aditya VIT: Kapda kasa kalnar photo madhunğŸ˜‚ğŸ˜‚ğŸ˜‚,2023-03-18 19:52:41
Shubham VIT: Material tr samjla asta kay ahe tech,2023-03-18 19:53:27
Aditya VIT: Haa ofc,2023-03-18 19:53:41
Shubham VIT: Ok,2023-03-18 19:54:08
Shubham VIT: De mg,2023-03-18 19:54:16
Shubham VIT: Print la,2023-03-18 19:54:20
Aditya VIT: Sagle bola,2023-03-18 19:54:39
Shubham VIT: Mage kay print karnar,2023-03-18 19:54:47
Aditya VIT: Code,2023-03-18 19:54:56
Shubham VIT: Front la,2023-03-18 19:55:02
Aditya VIT: Letter,2023-03-18 19:55:10
Aditya VIT: Bhai kuthey TuğŸ˜‚ğŸ˜‚,2023-03-18 19:55:15
Aditya VIT: Idea mahitch nahi kay?,2023-03-18 19:55:24
Shubham VIT: Ghari,2023-03-18 19:55:27
Shubham VIT: Nay,2023-03-18 19:55:32
Aditya VIT: ...,2023-03-18 19:55:34
Shubham VIT: Back side la,2023-03-18 19:56:30
Aditya VIT: Haa,2023-03-18 19:56:44
Shubham VIT: Aani front side la ek letter paratek kachya,2023-03-18 19:56:46
Aditya VIT: â€image omitted,2023-03-18 19:56:55
Shubham VIT: Mala R havay ğŸ˜‚,2023-03-18 19:57:23
Shubham VIT: Mazya t shirt varti,2023-03-18 19:57:30
Aditya VIT: Bhai aata jhala saglağŸ˜‚,2023-03-18 19:57:47
Aditya VIT: Hajir toh vajir,2023-03-18 19:57:53
Shubham VIT: Kay,2023-03-18 19:57:58
Shubham VIT: Zal,2023-03-18 19:57:59
Shubham VIT: Kon kay kay ghetay,2023-03-18 19:58:08
Aditya VIT: .,2023-03-18 19:58:08
Aatmaja VIT: Front side chi letter chi print white theva,2023-03-18 19:58:26
Aditya VIT: Haa,2023-03-18 19:58:36
Shubham VIT: Kadambari la de H,2023-03-18 19:58:46
Aditya VIT: Internal matter solve kara aatağŸ˜‚ğŸ˜‚,2023-03-18 19:59:01
Shubham VIT: Mi sangato tila,2023-03-18 19:59:09
Aditya VIT: Bagha confirm kara,2023-03-18 20:00:19
Aditya VIT: Me tari ajun baghto,2023-03-18 20:00:24
Aditya VIT: Ajun kon baghtay ka?,2023-03-18 20:29:09
Aatmaja VIT: Bhai adhi tshirt print cha bagha,2023-03-18 20:31:40
Aatmaja VIT: Nntr letter decide kara,2023-03-18 20:31:44
Aditya VIT: Udya ajun eka thikani jatoy,2023-03-18 20:31:55
Aditya VIT: Tikde baghel,2023-03-18 20:31:58
Aatmaja VIT: Okay okay,2023-03-18 20:33:10
Aditya VIT: Haa,2023-03-18 20:33:14
Shubham VIT: t shirt cha kapda changlay ahe tr kara print,2023-03-18 20:54:06
Aditya VIT: Kapda changla hota...,2023-03-18 20:54:43
Aditya VIT: Me udya ajun ek thikani jaat aahe,2023-03-18 20:54:49
Aditya VIT: Udya final kay asel te sangto,2023-03-18 20:54:56
Aditya VIT: Baki tumhi pan bagha,2023-03-18 20:55:00
Kadambari Patel: Kal fixx kar dete hai lastttt,2023-03-18 20:55:02
Aditya VIT: Yess,2023-03-18 20:55:35
Shubham VIT: Bghayla kahi nahi but print Kashi print karaychiye te nahi mahiti,2023-03-18 20:57:54
Aditya VIT: Chats vach naa kalel,2023-03-18 20:58:10
Aditya VIT: He wala bagh naa,2023-03-18 20:58:36
Aatmaja VIT: Baki pan bola jar participate krycha asel tar?,2023-03-18 20:58:50
Aatmaja VIT: Amhich boltoy,2023-03-18 20:58:54
Aditya VIT: Cosplay kay scene yetay na?,2023-03-18 20:59:08
Shubham VIT: Mi R ghetoy Kadambari H de,2023-03-18 20:59:11
Aditya VIT: ğŸ˜‚ğŸ˜‚ğŸ˜‚ğŸ˜‚,2023-03-18 20:59:16
Shubham VIT: ğŸ˜‚,2023-03-18 20:59:22
Aditya VIT: @919769771454 chalel kay?,2023-03-18 20:59:24
Shubham VIT: Ha chalel,2023-03-18 20:59:28
Shubham VIT: Bolo tila mi,2023-03-18 20:59:33
Shubham VIT: ğŸ˜‚,2023-03-18 20:59:35
Kadambari Patel: Yesss,2023-03-18 20:59:40
Aditya VIT: Bara thikeyğŸ˜‚,2023-03-18 20:59:41
Aatmaja VIT: Are baba Tshirt la sagle ready ahet na 300 chya aspass asel tar ?,2023-03-18 20:59:50
Kadambari Patel: Iâ€™m not bachkand like @919619883660 ğŸ¤£,2023-03-18 20:59:52
Sanika VIT: Haaa,2023-03-18 20:59:58
Aditya VIT: ğŸ˜‚ğŸ˜‚ğŸ˜‚,2023-03-18 21:00:00
Kadambari Patel: YassssğŸ’ƒ,2023-03-18 21:00:04
Kadambari Patel: Baba,2023-03-18 21:00:09
Aatmaja VIT: Reply,2023-03-18 21:00:09
Aatmaja VIT: Saglee,2023-03-18 21:00:10
Shubham VIT: T shirt print hone de baad me batata hu,2023-03-18 21:00:18
Aatmaja VIT: Jo yess nahi bolnar toh,2023-03-18 21:00:28
Aditya VIT: Chu,2023-03-18 21:00:34
Aditya VIT: ğŸ‘,2023-03-18 21:00:36
Sanika VIT: Adhi he tshirt clear karuya ğŸ™ƒ cosplay nantr,2023-03-18 21:00:36
Sanika VIT: Bghu,2023-03-18 21:00:38
Kadambari Patel: Lafa khayega,2023-03-18 21:00:43
Shubham VIT: Rate saglikde same ch as fkt quality check Kara,2023-03-18 21:00:46
Aditya VIT: Cosplay monday la aaheğŸ˜‚,2023-03-18 21:00:48
Kadambari Patel: Ayeee,2023-03-18 21:00:52
Kadambari Patel: Sunoooo,2023-03-18 21:00:54
Sanika VIT: Achha ğŸ˜‚,2023-03-18 21:00:54
Shubham VIT: ğŸ¤£,2023-03-18 21:00:55
Aatmaja VIT: Quality acha hi h vo adi lery plz guys trust him,2023-03-18 21:01:03
Aditya VIT: Vashila asel tar? ğŸŒğŸ˜‚,2023-03-18 21:01:04
Sanika VIT: Tu Dora bannar aahes na ?,2023-03-18 21:01:04
Shubham VIT: Call PE thodi hai hum pagal,2023-03-18 21:01:09
Sanika VIT: ğŸ˜‚ğŸ˜‚,2023-03-18 21:01:11
Aatmaja VIT: ğŸ¤ŒğŸ»,2023-03-18 21:01:13
Shubham VIT: Vashil kay,2023-03-18 21:01:21
Sanika VIT: Vashi re,2023-03-18 21:01:31
Kadambari Patel: â€sticker omitted,2023-03-18 21:01:42
Shubham VIT: ğŸ˜‚ğŸ˜‚,2023-03-18 21:01:43
Aatmaja VIT: Jo Jo in hai vo vo yes yes dallop,2023-03-18 21:01:55
Shubham VIT: Arey typing mistake,2023-03-18 21:01:58
Aatmaja VIT: Yes yes,2023-03-18 21:02:00
Kadambari Patel: Sabh hai,2023-03-18 21:02:03
Kadambari Patel: â€sticker omitted,2023-03-18 21:02:12
Aatmaja VIT: Okay print karadenge phir,2023-03-18 21:02:39
Shubham VIT: ğŸ‘ğŸ»me bhi Teri Tara hi beshram hu ğŸ¤£ğŸ¤£,2023-03-18 21:03:01
Shubham VIT: â€sticker omitted,2023-03-18 21:04:18
Aditya VIT: Wait waitğŸ˜‚,2023-03-18 21:06:03
Aditya VIT: Udya final,2023-03-18 21:06:06
Aditya VIT: Afternoon paryant,2023-03-18 21:06:13
Aditya VIT: Vashila***,2023-03-18 21:06:32
Aditya VIT: Olakhhh,2023-03-18 21:06:35
Aditya VIT: ğŸ˜‚ğŸ˜‚,2023-03-18 21:06:36
Aatmaja VIT: Okay,2023-03-18 21:09:53
Aditya VIT: â€image omitted,2023-03-18 21:40:22
Aditya VIT: Pillai clg ka traditional day dekha kyaa?,2023-03-19 09:45:08
Aatmaja VIT: Ofcourse,2023-03-19 09:45:24
Aditya VIT: N voh kj ka dj night,2023-03-19 09:45:41
Aditya VIT: Bhaii,2023-03-19 09:45:43
Aditya VIT: ğŸ”¥ğŸ”¥ğŸ”¥,2023-03-19 09:45:47
Aatmaja VIT: Nope,2023-03-19 09:45:53
Aditya VIT: Sahiye ekdam,2023-03-19 09:46:30
Niraj VIT: Haan,2023-03-19 09:51:05
Aditya VIT: ğŸ›,2023-03-19 09:51:20
Aditya VIT: Aplyala aahe ka asa? ğŸ˜‚,2023-03-19 09:59:26
Aditya VIT: Vivekanand cha pan bhari hota,2023-03-19 09:59:36
Aatmaja VIT: No Idea asyla tar phije,2023-03-19 10:02:41
Aditya VIT: Techh,2023-03-19 10:02:53
Niraj VIT: â€GIF omitted,2023-03-19 10:12:31
Aditya VIT: https://youtu.be/-tYEzr_1ZSs,2023-03-19 10:12:49
Aditya VIT: https://youtu.be/5Fn4lN9EdEA,2023-03-19 10:29:33
Aditya VIT: 2007 madhe he sagla hota mhanje ya varshi pan aselachğŸ˜‚,2023-03-19 10:29:50
Aditya VIT: â€image omitted,2023-03-19 11:36:18
Aditya VIT: Ajun ek last option bakiye... Dupari janar aahe tyachya kade,2023-03-19 11:36:28
Aditya VIT: Te nahi ja mla tar 340 wala ghyava lagel,2023-03-19 11:36:40
Niraj VIT: Bagh mag tasa,2023-03-19 11:42:41
Niraj VIT: Kyy nahi ğŸ™‚ğŸ¥²,2023-03-19 11:42:49
Aditya VIT: Aree yaarrğŸ˜‚ğŸ˜‚,2023-03-19 11:43:52
Aditya VIT: 340 last price,2023-03-19 14:31:52
Aditya VIT: Baki eka thikani,2023-03-19 14:32:03
Aditya VIT: 500...eki kade 350,2023-03-19 14:32:09
Aditya VIT: He changli quality vagere aahe,2023-03-19 14:32:18
Aditya VIT: Bola patkan,2023-03-19 14:32:22
Aditya VIT: Order dyayla tashi,2023-03-19 14:32:28
Aatmaja VIT: In,2023-03-19 14:33:01
Aditya VIT: Toh manus call uchlat nahiye... Udya deil order,2023-03-19 20:20:03
Aditya VIT: Pakka,2023-03-19 20:20:05
Sanikaa VIT A: â€sticker omitted,2023-03-19 20:20:32
Aatmaja VIT: BcğŸ˜‚ğŸ˜‚ğŸ˜‚ğŸ˜‚ğŸ˜‚,2023-03-19 20:20:48
Aatmaja VIT: Hi pyayli ahe ka,2023-03-19 20:20:59
Sanikaa VIT A: â€sticker omitted,2023-03-19 20:22:01
Aditya VIT: Clg la yenar aahat ka udya?,2023-03-19 20:32:31
Sanika VIT: Hoo,2023-03-19 20:37:08
Aditya VIT: Okay,2023-03-19 20:37:13
Aditya VIT: Lecs nahi naa koni? ğŸ˜‚,2023-03-19 20:37:20
Sanika VIT: Ku mahit,2023-03-19 20:37:30
Aditya VIT: Mns... Basnar nahi na?,2023-03-19 20:37:48
Sanika VIT: Clg mahdye gelyvr bghu,2023-03-19 20:38:05
Aditya VIT: Okay,2023-03-19 20:38:12
Aditya VIT: AT tasa pan honar nahiye,2023-03-19 20:38:23
Aditya VIT: ğŸ˜‚ğŸ˜‚ğŸ˜‚,2023-03-19 20:38:25
Aditya VIT: Cn pan mostly nahich,2023-03-19 20:38:34
Sanika VIT: Haa,2023-03-19 20:38:47
Aditya VIT: Yess,2023-03-19 20:38:54
Sanika VIT: Fakt os?,2023-03-19 20:38:59
Aatmaja VIT: Ha,2023-03-19 20:39:12
Aatmaja VIT: Os ch asel,2023-03-19 20:39:14
Aditya VIT: Maybe,2023-03-19 20:39:25
Kadambari Patel: Paper batane wale hai bc,2023-03-19 20:49:11
Aditya VIT: Yess,2023-03-19 20:49:18
Aditya VIT: Mera pehle hi,2023-03-19 20:49:30
Aditya VIT: Dekhay,2023-03-19 20:49:31
Aditya VIT: ğŸ˜,2023-03-19 20:49:39
Aatmaja VIT: Yes,2023-03-19 20:50:03
Shubham 2 VIT: Os la basa naitar paper ny milnar ğŸ’€ğŸ’€,2023-03-19 20:51:47
Shubham VIT: Ti jara chutiya ahe ka bc,2023-03-19 20:52:37
Shubham VIT: Yevdi nataki karate jasa hichya bapach clg ahe,2023-03-19 20:52:52
Sanika VIT: Ahe ka ? ğŸ˜‚,2023-03-19 20:53:03
Shubham VIT: Kay mahiti,2023-03-19 20:53:41
Shubham VIT: Faltu chi nataki,2023-03-19 20:53:46
Shubham 2 VIT: kal cn ko bethne wale ho sab?,2023-03-19 21:07:57
Aditya VIT: Cosplay aahe... Vatat nahi lec ghetil,2023-03-19 21:13:18
Shubham 2 VIT: acha,2023-03-19 21:13:46
Aditya VIT: Yess,2023-03-19 21:14:46
Kadambari Patel: Kyaa,2023-03-20 08:50:17
Kadambari Patel: Banee,2023-03-20 08:50:18
Kadambari Patel: Haii,2023-03-20 08:50:19
Kadambari Patel: Sabhh,2023-03-20 08:50:20
Kadambari Patel: ???,2023-03-20 08:50:22
Kadambari Patel: Fotuuu,2023-03-20 08:50:31
Kadambari Patel: Bhejooo,2023-03-20 08:50:32
Aditya VIT: Tu aariye na?,2023-03-20 08:54:48
Kadambari Patel: Hoo,2023-03-20 09:58:37
Kadambari Patel: Dekhne aari,2023-03-20 09:58:40
Kadambari Patel: 1 baje aaugi,2023-03-20 09:58:48
Aditya VIT: Okay,2023-03-20 10:06:25
Aditya VIT: Kuthe aahat re?,2023-03-20 10:32:59
Shubham 2 VIT: Ghari,2023-03-20 10:33:14
Sanket VIT: â€This message was deleted.,2023-03-20 10:33:16
Aditya VIT: ğŸ˜‚ğŸ˜‚,2023-03-20 10:33:23
Aditya VIT: Kadhi yetay?,2023-03-20 10:35:19
Niraj VIT: â€This message was deleted.,2023-03-20 10:44:45
Niraj VIT: Aaj yet nahi aahe udya yetoy mi ğŸ—¿ğŸ™‚,2023-03-20 10:45:00
Aditya VIT: ğŸ˜‚ğŸ˜‚,2023-03-20 10:45:10
Aditya VIT: Os?,2023-03-20 10:45:17
Niraj VIT: Tu baghun ghe aani sang mala ğŸ—¿,2023-03-20 10:48:57
Aditya VIT: Ti nahi dakhavnar,2023-03-20 10:49:33
Niraj VIT: ğŸ« ğŸ« ğŸ« ,2023-03-20 10:50:09
Aditya VIT: ğŸ¥²ğŸ¥²ğŸ¥²,2023-03-20 10:50:18
Sanika VIT: Clg mahdye ahot,2023-03-20 10:50:24
Aditya VIT: Okay,2023-03-20 10:51:30
Aditya VIT: Print karayla takle,2023-03-20 15:23:33
Aditya VIT: T shirt,2023-03-20 15:23:35
Aditya VIT: 340 gpay kara,2023-03-20 15:23:42
Aditya VIT: 9224303446,2023-03-20 15:23:50
Niraj VIT: Ok,2023-03-20 15:35:27
Aditya VIT: Yess,2023-03-20 15:48:17
Aditya VIT: https://www.instagram.com/reel/Coz94s3hvoA/?igshid=ZTE2MDY0MWU=,2023-03-20 21:33:53
Aditya VIT: Next year cosplay idea,2023-03-20 21:34:01
Aditya VIT: Welcome,2023-03-20 21:34:04
Shubham VIT: ğŸ˜‚ğŸ‘ğŸ»,2023-03-20 21:34:32
Shubham 2 VIT: aaj kisine dekha kya mera stream ğŸ—¿,2023-03-20 22:38:11
Aditya VIT: 23 la trad aahe ki Bollywood,2023-03-20 22:43:47
Aditya VIT: Confirm karo na,2023-03-20 22:43:54
Shubham 2 VIT: bc 0 bhav,2023-03-20 22:44:22
Shubham 2 VIT: ğŸ¥²,2023-03-20 22:44:28
Aditya VIT: Me tar nahi pahili,2023-03-20 22:44:41
Shubham 2 VIT: like share subscribe boii,2023-03-20 22:44:53
Aditya VIT: Wait,2023-03-20 22:45:06
Kadambari Patel: â€You deleted this message.,2023-03-21 09:01:52
Kadambari Patel: Mam,2023-03-21 09:01:53
Kadambari Patel: Aa,2023-03-21 09:01:54
Kadambari Patel: Gayi,2023-03-21 09:01:56
Shubham VIT: Bc,2023-03-21 09:02:41
Shubham VIT: Hum log to Wadala bhi nahi pauche,2023-03-21 09:03:15
Kadambari Patel: Mam puche kaha hai sabh,2023-03-21 09:06:40
Kadambari Patel: Mai boli aare hai,2023-03-21 09:06:44
Kadambari Patel: â€image omitted,2023-03-21 09:23:55
Kadambari Patel: Ans bolo,2023-03-21 09:23:58
Kadambari Patel: â€image omitted,2023-03-21 09:28:34
Aditya VIT: B ig,2023-03-21 09:28:51
Niraj VIT: â€image omitted,2023-03-21 09:31:12
Aatmaja VIT: 7 yenr na?,2023-03-21 09:31:31
Aditya VIT: 2 aahe,2023-03-21 09:31:48
Niraj VIT: Mi Google kele aahet sarve questions,2023-03-21 09:31:57
Aditya VIT: Chat gpy,2023-03-21 09:32:06
Niraj VIT: Sab Google bharose,2023-03-21 09:32:06
Aditya VIT: Gpt*,2023-03-21 09:32:10
Aatmaja VIT: Ok,2023-03-21 09:32:14
Aditya VIT: Yess,2023-03-21 09:32:18
Aatmaja VIT: Single yenr ig,2023-03-21 09:32:53
Shubham VIT: Sagle answer pathavun thevare que wise,2023-03-21 09:33:01
Aditya VIT: Haa single,2023-03-21 09:33:09
Aatmaja VIT: Dining mdhye 5 yenr na?,2023-03-21 09:33:53
Aditya VIT: Yess,2023-03-21 09:34:02
Aatmaja VIT: Ha,2023-03-21 09:34:08
Aditya VIT: ğŸ‘,2023-03-21 09:34:15
Aatmaja VIT: Peterson,2023-03-21 09:36:31
Aditya VIT: Yess,2023-03-21 09:36:44
Aditya VIT: Thambaycha ka?,2023-03-21 09:38:21
Aditya VIT: 4pm onwards,2023-03-21 09:38:25
Kadambari Patel: 1:15 flash mob,2023-03-21 09:38:47
Kadambari Patel: 4 baje traditional day,2023-03-21 09:39:09
Kadambari Patel: Vaise bhi rukree,2023-03-21 09:39:23
Kadambari Patel: Labss haii,2023-03-21 09:39:25
Aditya VIT: Yess,2023-03-21 09:39:25
Aditya VIT: Vaiii,2023-03-21 09:39:27
Aditya VIT: Aur thoda rukk letey,2023-03-21 09:39:39
Kadambari Patel: Haa,2023-03-21 09:39:53
Kadambari Patel: 15 mins,2023-03-21 09:39:56
Aditya VIT: â€image omitted,2023-03-21 21:08:04
Sanika VIT: Vait ch nahi vattat,2023-03-21 21:08:24
Sanika VIT: Mast vatyy,2023-03-21 21:08:27
Sanika VIT: Cotton hai na ?,2023-03-21 21:08:38
Aditya VIT: â€image omitted,2023-03-21 21:08:52
Sanika VIT: Mhnun tar photo pathvala na tyna e ğŸ™ƒ,2023-03-21 21:08:52
Sanika VIT: Kuch na ..mast vaty,2023-03-21 21:09:06
Aditya VIT: Yess Yess... Kapda mala tar chanla vatla aahe,2023-03-21 21:09:06
Sanika VIT: Mag sahi hai,2023-03-21 21:09:13
Sanket VIT: Mst vatatayet,2023-03-21 21:10:03
Aditya VIT: Yess Yess...,2023-03-21 21:10:04
Aditya VIT: Font pan changla aahe,2023-03-21 21:10:11
Aditya VIT: â€image omitted,2023-03-21 21:11:15
Aditya VIT: Proof haa... ğŸŒ,2023-03-21 21:11:25
Aditya VIT: Tumchya kadhun jasta nahi ghetle,2023-03-21 21:11:35
Sanika VIT: Bhai vishwas hai re ğŸ™ƒ,2023-03-21 21:11:43
Sanket VIT: Bhai bharosa hai tere par,2023-03-21 21:11:45
Aditya VIT: Jevdhe aahe tevdhe,2023-03-21 21:11:48
Sanika VIT: Dmart price ğŸ™ƒ nay lvala tu ğŸ˜­,2023-03-21 21:11:56
Aditya VIT: 1 rupaye for honestyğŸ˜‚,2023-03-21 21:13:16
Shubham VIT: ğŸ«‚,2023-03-21 21:15:28
Shubham VIT: âœŒğŸ»,2023-03-21 21:15:36
Aniket VIT: â€sticker omitted,2023-03-21 21:31:14
Aditya VIT: Understandable,2023-03-21 21:31:41
Aditya VIT: â€sticker omitted,2023-03-21 21:33:56
Aniket VIT: As expected ğŸ˜‚ğŸ’¯,2023-03-21 21:34:28
Aditya VIT: ğŸ˜‚ğŸ˜‚,2023-03-21 21:34:39
Kadambari Patel: Sabhlog please ye form fill karonaaa,2023-03-21 21:53:39
Aditya VIT: Pahile ye form,2023-03-21 21:53:55
Kadambari Patel: Ye kae,2023-03-21 21:57:55
Kadambari Patel: Abhii,2023-03-21 21:57:57
Aditya VIT: Kara hai,2023-03-21 21:58:44
Aditya VIT: Chat gpt supremacy ğŸ›,2023-03-22 08:22:16
Niraj VIT: à¤—à¥à¤¢à¥€à¤ªà¤¾à¤¡à¤µà¥à¤¯à¤¾à¤šà¥à¤¯à¤¾ à¤µ à¤¨à¥‚à¤¤à¤¨ à¤µà¤°à¥à¤·à¤¾à¤šà¥à¤¯à¤¾ à¤¤à¥à¤®à¥à¤¹à¤¾à¤²à¤¾ à¤µ à¤¤à¥à¤®à¤šà¥à¤¯à¤¾ à¤ªà¤°à¤¿à¤µà¤¾à¤°à¤¾à¤²à¤¾ à¤¹à¤¾à¤°à¥à¤¦à¤¿à¤• à¤¹à¤¾à¤°à¥à¤¦à¤¿à¤• à¤¶à¥à¤­à¥‡à¤šà¥à¤›à¤¾ ğŸ¥³ğŸ¥³ğŸ‰,2023-03-22 08:24:04
Aatmaja VIT: SaxyyyyğŸ¤ŒğŸ»â¤ï¸,2023-03-22 09:39:49
Aditya VIT: ğŸ˜,2023-03-22 09:40:05
Aditya VIT: Goggles astil tar aana haa,2023-03-22 09:40:15
Aditya VIT: Astil tarr,2023-03-22 09:40:21
Aditya VIT: Blue jeans naa,2023-03-22 09:40:28
Aatmaja VIT: Chan distay re upper case pan Ani font pan khup Chan distoy .. something uniqueğŸ˜Œâ¤ï¸,2023-03-22 09:40:35
Aditya VIT: Yesss,2023-03-22 09:40:41
Aditya VIT: Kiti paryant yetay sagle?,2023-03-23 08:12:21
Shubham 2 VIT: Me yetoy atta,2023-03-23 08:13:02
Shubham 2 VIT: Maths la basnar ahat ka?,2023-03-23 08:13:08
Aditya VIT: ğŸ˜‚ğŸ˜‚ğŸ˜‚,2023-03-23 08:13:33
Aditya VIT: â€GIF omitted,2023-03-23 08:14:09
Aditya VIT: Kuthe aahat re,2023-03-23 11:10:12
Aditya VIT: E201 madhe yaa,2023-03-23 13:55:43
Aditya VIT: T shirt vatap karnyat yeil,2023-03-23 13:55:53
Sanket VIT: Ganpati che T-shirt detoys kaa,2023-03-23 15:53:07
Shubham VIT: ğŸ˜‚ğŸ˜‚,2023-03-23 15:52:26
Aditya VIT: ğŸ˜‚ğŸ˜‚,2023-03-23 16:04:34
Niraj VIT: Bheja unhone hei par likha meine hei,2023-03-23 16:13:29
Aditya VIT: Jokes apart... It was a good day guyssğŸ¥³,2023-03-23 17:55:44
Sanika VIT: â€sticker omitted,2023-03-23 18:01:51
Aditya VIT: â€sticker omitted,2023-03-23 18:03:34
Aditya VIT: Me today,2023-03-23 18:04:19
Aditya VIT: âœŒ,2023-03-23 18:04:20
Aditya VIT: Thamb,2023-03-23 18:24:41
Aditya VIT: Thamb,2023-03-23 18:24:42
Aditya VIT: Ase nako pathau,2023-03-23 18:24:45
Aditya VIT: T shirt bastoy ka?,2023-03-23 18:42:03
Aditya VIT: Ya vid madhe kuthla angle use kela aahe bhaiğŸ¤ŒğŸ»ğŸ˜­,2023-03-23 18:43:43
Kadambari Patel: Bc kiska phoneee,2023-03-23 19:08:58
Kadambari Patel: Quality ğŸ¤Œ,2023-03-23 19:09:05
Aditya VIT: Iphone hai,2023-03-23 19:09:15
Aditya VIT: Regular wale ka hai,2023-03-23 19:09:26
Shubham VIT: Mast comfortable ahe,2023-03-23 19:26:01
Shubham VIT: â€video omitted,2023-03-23 19:40:34
Aditya VIT: ğŸ”¥ğŸ”¥,2023-03-23 19:44:04
Aatmaja VIT: Kal kitne baje anay cllg ko.. CHHICHHORE LOG?,2023-03-23 20:13:09
Shubham VIT: Pic pathav tuzya kde ahet te,2023-03-23 21:26:43
Aditya VIT: Udya,2023-03-23 21:45:14
Aditya VIT: Blue jeans haa,2023-03-23 21:45:19
Aditya VIT: Light preferably,2023-03-23 21:45:28
Shubham 2 VIT: Ho sir ğŸ«¡,2023-03-23 21:45:59
Aditya VIT: ğŸ¥·ğŸ¿,2023-03-23 21:46:08
Kadambari Patel: Yesss,2023-03-23 21:46:40
Sanika VIT: Yess,2023-03-23 21:46:57
Aditya VIT: T shirt ghalun yetay ki?,2023-03-23 22:11:08
Aditya VIT: Change karnar?,2023-03-23 22:11:13
Shubham 2 VIT: ghalun,2023-03-23 22:14:43
Aditya VIT: Udya AT book submission aaheğŸ˜‚,2023-03-23 22:15:10
Aditya VIT: Aana notebooka,2023-03-23 22:15:17
Aditya VIT: Notebooks,2023-03-23 22:15:23
Sanikaa VIT A: Tho tri asel ka jagga vrti,2023-03-23 22:15:45
Aditya VIT: Point,2023-03-23 22:15:59
Sanikaa VIT A: Sir bole hote events ch week madhe kahi nai ghenar AT ch tho,2023-03-23 22:16:03
Aditya VIT: Te*,2023-03-23 22:16:10
Sanikaa VIT A: Tee*,2023-03-23 22:16:20
Aditya VIT: Yess,2023-03-23 22:16:27
Sanikaa VIT A: So tu books leke aa rha right?,2023-03-23 22:18:19
Aditya VIT: Notebook*,2023-03-23 22:18:32
Aditya VIT: â€sticker omitted,2023-03-23 22:20:09
Aditya VIT: Upgrade,2023-03-23 22:20:14
Aditya VIT: Baki lok?,2023-03-23 22:20:23
Sanikaa VIT A: Ahh mera tho zeenat ke pass di check bhi nai ki ğŸ’€,2023-03-23 22:21:04
Aditya VIT: â€sticker omitted,2023-03-23 22:21:53
Aditya VIT: Aayy babaa,2023-03-24 06:56:55
Aditya VIT: Sab log aao aaj,2023-03-24 06:57:00
Aditya VIT: Aaj ka attendance mandatory,2023-03-24 06:57:10
Shubham VIT: Konach lecture,2023-03-24 06:58:45
Aditya VIT: Lec nahi reğŸ˜‚,2023-03-24 06:59:07
Shubham VIT: Achha ğŸ˜‚,2023-03-24 06:59:23
Aditya VIT: ğŸ¤¦ğŸ»â€â™‚ï¸ğŸ˜‚,2023-03-24 06:59:45
Aditya VIT: Kuthe aahat?,2023-03-24 11:07:23
Shubham 2 VIT: Kurla,2023-03-24 11:07:40
Niraj VIT: College madhe,2023-03-24 11:07:41
Aditya VIT: Aaloch 10 min madhe,2023-03-24 11:08:01
Aditya VIT: Photos,2023-03-24 18:31:14
Aditya VIT: Doc,2023-03-24 18:31:32
Aditya VIT: Link,2023-03-24 18:31:34
Aditya VIT: Kahihi,2023-03-24 18:31:35
Aditya VIT: Story,2023-03-24 18:31:37
Aditya VIT: Mention ğŸ™,2023-03-24 18:31:45
Aditya VIT: Please,2023-03-24 18:31:49
Aditya VIT: ğŸ˜‚ğŸ˜‚ğŸ˜‚,2023-03-24 18:31:50
Niraj VIT: ğŸ˜‚ğŸ˜‚ğŸ˜‚ğŸ˜‚,2023-03-24 18:32:31
Sanika VIT: Kahihi,2023-03-24 18:32:37
Aniket VIT: â€GIF omitted,2023-03-24 18:43:17
Aditya VIT: Ha wala photo tar pahijech,2023-03-24 18:43:42
Aniket VIT: M krto to mention ğŸ¤ŒğŸ»,2023-03-24 18:47:59
Aditya VIT: Tuch ek chavağŸ™ğŸ˜,2023-03-24 18:48:18
Aniket VIT: Koni vaachla nasel msg to parant delete kr,2023-03-24 18:48:48
Aditya VIT: Kate ne vachla,2023-03-24 18:49:09
Aditya VIT: ğŸ¥²,2023-03-24 18:49:21
Aditya VIT: â€sticker omitted,2023-03-24 18:56:53
Aniket VIT: IMG20230324141427.jpg â€document omitted,2023-03-24 21:22:44
Aditya VIT: â€sticker omitted,2023-03-24 22:01:38
Aditya VIT: Repeat hoil na?,2023-03-24 23:45:00
Aditya VIT: Ti regular valyan sobat wali thevli aata story la,2023-03-24 23:45:15
Sanika VIT: Bollywood days la sgalyni hech song taklay,2023-03-24 23:45:53
Sanika VIT: Reels mahdye bghitala me,2023-03-24 23:46:00
Sanika VIT: ğŸ™‚,2023-03-24 23:46:01
Kadambari Patel: â€image omitted,2023-03-25 09:19:01
Aditya VIT: Dslr mai ka hai?,2023-03-25 09:20:02
Aniket VIT: Ha na ğŸ¥²,2023-03-25 09:21:26
Niraj VIT: DSLR chi quality yevdi kadhi kharab jhali ğŸ—¿,2023-03-25 09:21:34
Kadambari Patel: Bc usnai instagram pe bheje,2023-03-25 09:22:43
Kadambari Patel: Whatsapp karne bola toh,2023-03-25 09:22:50
Aditya VIT: Mere phone me lete,2023-03-25 09:23:31
Aditya VIT: Isse toh accha aata,2023-03-25 09:23:36
Aditya VIT: For sure,2023-03-25 09:23:39
Aditya VIT: Aisa lagray traffic cam se liyey,2023-03-25 09:23:59
Niraj VIT: Aare document karle chahiye tha ye toh matlab faltupana hogaya dslr mei pic nikal ke bhi aesi quality,2023-03-25 09:24:03
Aditya VIT: Over speeding,2023-03-25 09:24:04
Aditya VIT: Haa naa,2023-03-25 09:24:14
Kadambari Patel: Kal,2023-03-30 20:49:36
Kadambari Patel: Clg,2023-03-30 20:49:37
Kadambari Patel: Aare,2023-03-30 20:49:38
Kadambari Patel: Kya,2023-03-30 20:49:39
Kadambari Patel: Sabh,2023-03-30 20:49:40
Kadambari Patel: ?,2023-03-30 20:49:41
Shubham VIT: Ha,2023-03-30 20:49:47
Kadambari Patel: Kal,2023-04-11 14:35:46
Kadambari Patel: Python,2023-04-11 14:35:49
Kadambari Patel: K,2023-04-11 14:35:50
Kadambari Patel: Mam,2023-04-11 14:35:51
Kadambari Patel: Puchi,2023-04-11 14:35:53
Kadambari Patel: Kiyu,2023-04-11 14:35:54
Kadambari Patel: Nai,2023-04-11 14:35:55
Kadambari Patel: Aaye,2023-04-11 14:35:57
Kadambari Patel: Toh,2023-04-11 14:35:58
Kadambari Patel: Sabh,2023-04-11 14:35:59
Kadambari Patel: Bolna,2023-04-11 14:36:00
Kadambari Patel: Ankiet ka bday tha isliye,2023-04-11 14:36:06
Kadambari Patel: ğŸ¤£ğŸ¤£ğŸ¤£ğŸ¤£ğŸ¤£,2023-04-11 14:36:08
Aniket VIT: â€image omitted,2023-04-11 23:07:57
Sanika VIT: Haha ğŸ˜‚,2023-04-11 23:08:28
Aditya VIT: Maa ne hi shaktiya di hai,2023-04-11 23:08:49
Aditya VIT: ğŸ‘Œ,2023-04-11 23:08:53
Aniket VIT: Teri* shaktiyon ka galat istemal kiya gaya ma,2023-04-11 23:10:10
Aditya VIT: ğŸŒğŸ˜‚,2023-04-11 23:11:46
Sanika VIT: â€GIF omitted,2023-04-13 14:20:40
Aniket VIT: ğŸ«µ,2023-04-13 14:32:30
Aditya VIT: â€image omitted,2023-04-13 17:31:22
Kadambari Patel: Mam,2023-04-17 13:56:31
Kadambari Patel: Aaye,2023-04-17 13:56:32
Kadambari Patel: Kyaa,2023-04-17 13:56:33
Kadambari Patel: ???,2023-04-17 13:56:35
Shubham VIT: Ha abhi sab chale gaye,2023-04-17 16:13:47
Kadambari Patel: Ayeee,2023-04-19 19:27:54
Kadambari Patel: Network lab ka,2023-04-19 19:27:58
Kadambari Patel: Quiz dala hai mam ne,2023-04-19 19:28:05
Kadambari Patel: Answersss bataooo,2023-04-19 19:28:17
Aditya VIT: â€image omitted,2023-04-19 19:29:59
Aditya VIT: Iska arp hai,2023-04-19 19:30:08
Aditya VIT: And 10th ka ping wala,2023-04-19 19:30:30
Kadambari Patel: Thanks,2023-04-19 19:32:49
Aditya VIT: âœŒğŸ»,2023-04-19 19:35:10
Kadambari Patel: Bhai,2023-04-20 22:01:30
Kadambari Patel: Mp lab,2023-04-20 22:01:39
Kadambari Patel: Kya scene,2023-04-20 22:01:41
Kadambari Patel: ?,2023-04-20 22:01:46
Kadambari Patel: Kuch submissions hai kya?ğŸ˜‚,2023-04-20 22:01:55
Niraj VIT: Kal pata chalega,2023-04-20 22:01:55
Aditya VIT: Ye kyaa hota hai?,2023-04-20 22:01:59
Aditya VIT: *,2023-04-20 22:02:02
Kadambari Patel: Kal,2023-04-20 22:31:11
Kadambari Patel: Let lab,2023-04-20 22:31:13
Kadambari Patel: Submissions hai,2023-04-20 22:31:15
Kadambari Patel: ??,2023-04-20 22:31:16
Aditya VIT: Haa boli thi online mai,2023-04-20 22:31:32
Kadambari Patel: Bc,2023-04-24 15:25:38
Kadambari Patel: And,2023-04-24 15:25:39
Kadambari Patel: Ans,2023-04-24 15:25:40
Aditya VIT: â€image omitted,2023-04-24 15:26:45
Aditya VIT: Recheck karo haa,2023-04-24 15:26:50
Aditya VIT: Iska ans... Hai,2023-04-24 15:27:00
Sanika VIT: Best fit 600 - 550 ?,2023-04-24 15:31:00
Aditya VIT: Yesss,2023-04-24 15:31:10
Aditya VIT: First fit 550 and 400?,2023-04-24 15:35:15
Sanika VIT: 250 550 400,2023-04-24 15:35:43
Kadambari Patel: â€image omitted,2023-04-24 18:49:42
Aditya VIT: noiiicee,2023-04-24 18:50:02
Aditya VIT: thenks,2023-04-24 18:50:07
Kadambari Patel: 5 bhejoo,2023-04-24 18:50:49
Aditya VIT: abhi ghar aaya,2023-04-24 18:51:05
Aditya VIT: 5 bhi mill jayega...thode time mai,2023-04-24 18:51:18
Kadambari Patel: Okay,2023-04-24 19:00:25
Kadambari Patel: Kal denay?,2023-04-24 19:00:32
Aditya VIT: yesss,2023-04-24 19:00:33
Aditya VIT: next week bole the na bass...dk...kal de deteyy,2023-04-24 19:00:56
Shubham VIT: Kitane tutorial dene hai,2023-04-24 19:01:58
Shubham VIT: Me abhi tak dohi diya hu shayd,2023-04-24 19:02:12
Aditya VIT: Tutorial 2 kyaa tha?,2023-04-24 19:02:42
Kadambari Patel: Nai pata,2023-04-24 19:03:24
Kadambari Patel: 3-4-5,2023-04-24 19:03:26
Kadambari Patel: Denay na?,2023-04-24 19:03:28
Aditya VIT: Z transform na?,2023-04-24 19:05:29
"Shubham VIT: 3,4,5 ek sath hi dena hai na",2023-04-24 19:09:45
Shubham VIT: Ha,2023-04-24 19:09:51
Aditya VIT: Haa,2023-04-24 19:10:05
Aatmaja VIT: Are Thursday dete na bro,2023-04-24 21:06:58
Aditya VIT: DoneâœŒğŸ»,2023-04-24 21:08:04
Kadambari Patel: pakka,2023-04-24 21:45:38
Kadambari Patel: bhai tumlog he achanak chale jate ho,2023-04-24 21:45:48
Kadambari Patel: mai toh late he deneko bolti hu,2023-04-24 21:45:57
Aditya VIT: Mai toh kuch likha bhi nahiyr,2023-04-24 21:46:23
Aditya VIT: Jo 2 tutorial bheje voh bhi nahi kiye abh takâœŒğŸ»,2023-04-24 21:46:49
Kadambari Patel: same,2023-04-24 21:47:03
Kadambari Patel: koi achese likh k bhejdo,2023-04-24 21:47:11
Kadambari Patel: ğŸ˜‚ğŸ˜‚ğŸ˜‚ğŸ˜‚ğŸ˜‚,2023-04-24 21:47:16
Aditya VIT: Thursday subeh 5 baje start karunga likhne,2023-04-24 21:47:33
Aditya VIT: âœŒğŸ»,2023-04-24 21:47:34
Sanika VIT: Thike Thursday âœŒğŸ»,2023-04-24 21:49:03
Kadambari Patel: â€image omitted,2023-04-25 10:23:42
Sanika VIT: Noice ğŸ”¥,2023-04-25 17:23:04
Aditya VIT: ğŸ‘Œ,2023-04-25 17:24:24
Kadambari Patel: Aayee,2023-04-25 18:46:06
Kadambari Patel: Sunoo,2023-04-25 18:46:10
Kadambari Patel: Sabhloggg,2023-04-25 18:46:14
Kadambari Patel: Sabhke lecss khatam ho gaye haii mostlyy,2023-04-25 18:46:26
Kadambari Patel: Toh sabhh apne apne baki submissions khatam katloo,2023-04-25 18:46:50
Kadambari Patel: Karloo*,2023-04-25 18:46:52
Kadambari Patel: Mathss bhi,2023-04-25 18:46:58
Kadambari Patel: Tutorial,2023-04-25 18:47:01
Shubham VIT: Ha,2023-04-25 18:47:05
Kadambari Patel: Chaheye toh kal dedo,2023-04-25 18:47:09
Kadambari Patel: So that Thursday aana na padhe,2023-04-25 18:47:21
Aditya VIT: Bass os hai naa main iss week mai?,2023-04-25 18:47:22
Niraj VIT: Haan,2023-04-25 18:47:30
Kadambari Patel: Kya hai os ka?,2023-04-25 18:47:32
Shubham VIT: Os ch kay ahe ata,2023-04-25 18:47:40
Aditya VIT: Teams var aahet naa...,2023-04-25 18:47:50
Kadambari Patel: Sabhhh ho gayaa hai div A ka,2023-04-25 18:47:57
Shubham VIT: Pble vaigre,2023-04-25 18:47:56
Aditya VIT: Tech... Exp... Paper vagere,2023-04-25 18:47:59
Kadambari Patel: Online kar dena hai os,2023-04-25 18:48:42
Kadambari Patel: Basss,2023-04-25 18:48:43
Kadambari Patel: Mp lab ka kuch submissions???,2023-04-25 18:48:52
Aditya VIT: Haa vai...,2023-04-25 18:48:51
Aditya VIT: ğŸ’€,2023-04-25 18:48:56
Aditya VIT: Baithna padtay uske liye,2023-04-25 18:49:05
Aditya VIT: Last kabh baitha thaa yaad nahi,2023-04-25 18:49:14
Kadambari Patel: Submissions hai kya?,2023-04-25 18:49:24
Kadambari Patel: Hoga toh bolo,2023-04-25 18:49:28
Kadambari Patel: Leti hu kisse maang k,2023-04-25 18:49:35
Kadambari Patel: Fatafat,2023-04-25 18:49:38
Aditya VIT: Voh outlook ke link mai rahega pehle se,2023-04-25 18:49:54
Aditya VIT: Utha ke denay bass,2023-04-25 18:50:02
Kadambari Patel: Bhej na link,2023-04-25 18:50:30
Aatmaja VIT: Mein kal nhi aati den cllgğŸ˜Œ,2023-04-25 18:50:33
Aatmaja VIT: Kuch h nhi,2023-04-25 18:50:40
Kadambari Patel: Maths tutorial deke jaa,2023-04-25 18:50:53
Aatmaja VIT: Are,2023-04-25 18:51:03
Aatmaja VIT: Vo Thursday,2023-04-25 18:51:06
Aatmaja VIT: Ko,2023-04-25 18:51:07
Aatmaja VIT: Deree,2023-04-25 18:51:08
Aatmaja VIT: Naa,2023-04-25 18:51:10
Aatmaja VIT: Bola toh thaa,2023-04-25 18:51:18
Kadambari Patel: Aurrr at k books kiyuu dene hai bhai?,2023-04-25 18:51:22
Kadambari Patel: Kismese padhe ham,2023-04-25 18:51:30
Aditya VIT: https://viteduin59337-my.sharepoint.com/:f:/g/personal/harish_ojha_vit_edu_in/EkG8Uge2CmBDueVA41wWIMUBsLSvhSvn1DT0VKviuD3y3w?e=xVOnfi,2023-04-25 18:51:31
Kadambari Patel: Uparse sir leke gaye toh prblm,2023-04-25 18:51:38
Kadambari Patel: Dege nai jaldhi,2023-04-25 18:51:41
Aditya VIT: Vapis denge naa fatak se?,2023-04-25 18:51:44
Aatmaja VIT: Bhai kl mt doo,2023-04-25 18:51:55
Aatmaja VIT: Tutorial,2023-04-25 18:51:59
Aditya VIT: Hume Thursday aanay vaise bhi... Review le liye,2023-04-25 18:52:13
Aditya VIT: Kal. Nahi aayega mostly mai,2023-04-25 18:52:22
Aatmaja VIT: Vhij,2023-04-25 18:52:22
Aatmaja VIT: Same,2023-04-25 18:52:28
Aditya VIT: Pakka nahi haa.. M,2023-04-25 18:52:40
Kadambari Patel: Aachaa okay,2023-04-25 18:52:46
Kadambari Patel: Mai regular wale kisko de dugi,2023-04-25 18:53:00
Kadambari Patel: Voh mera thrusday de dega surko,2023-04-25 18:53:09
Kadambari Patel: Done?,2023-04-25 18:53:12
Kadambari Patel: Aur kuch baaki,2023-04-25 18:53:22
Aditya VIT: Haa Yess,2023-04-25 18:53:24
Aditya VIT: Coa kal 8086 karanevaale,2023-04-25 18:53:32
Kadambari Patel: Nai baithne wali,2023-04-25 18:53:49
Kadambari Patel: Aye,2023-04-25 18:54:03
Kadambari Patel: Kal,2023-04-25 18:54:04
Kadambari Patel: Python,2023-04-25 18:54:05
Kadambari Patel: Lab,2023-04-25 18:54:06
Kadambari Patel: Hai,2023-04-25 18:54:07
Kadambari Patel: Janay kya,2023-04-25 18:54:10
Kadambari Patel: ???,2023-04-25 18:54:11
Aditya VIT: Hoga kya?,2023-04-25 18:54:12
Kadambari Patel: Nai pataa,2023-04-25 18:54:19
Aditya VIT: Hua naa uska bhi saab?,2023-04-25 18:54:30
Aatmaja VIT: Last practical,2023-04-25 18:55:04
Aatmaja VIT: Ka viva,2023-04-25 18:55:08
Aatmaja VIT: Baki che,2023-04-25 18:55:11
Aditya VIT: Ayy yaarğŸ¥²,2023-04-25 18:55:17
Aditya VIT: Subject ek,2023-04-25 18:55:26
Aditya VIT: Viva 3,2023-04-25 18:55:29
Aatmaja VIT: Thike na chod jnede,2023-04-25 18:55:42
Aatmaja VIT: Nhi jynge,2023-04-25 18:55:48
Aatmaja VIT: Dekhte,2023-04-25 18:55:50
Aditya VIT: Haa,2023-04-25 18:56:20
Kadambari Patel: Okay,2023-04-25 18:56:49
Kadambari Patel: Sabh bolo janeka hai k nai,2023-04-25 18:56:58
Aditya VIT: Direct maam ko. Msg karo naa,2023-04-25 18:57:00
Aditya VIT: Haa vai... Ek ek jan jaayega accha nahi lagta naa,2023-04-25 18:57:09
Kadambari Patel: Naitoh mam ko lagega bunk mara last time jause,2023-04-25 18:57:10
Aditya VIT: Yess,2023-04-25 18:57:14
Kadambari Patel: Haa kar bhai,2023-04-25 18:57:15
Kadambari Patel: Dsy mention karna,2023-04-25 18:57:19
Aditya VIT: â€image omitted,2023-04-25 19:30:47
Kadambari Patel: Okayy,2023-04-25 19:31:04
Aditya VIT: ğŸ¥²,2023-04-25 19:31:53
Aditya VIT: Viva?,2023-04-25 19:32:01
Aditya VIT: Ka puchuğŸ™‚,2023-04-25 19:32:03
Aditya VIT: ? *,2023-04-25 19:32:04
Sanika VIT: Risk le hi liya hai toh,2023-04-25 19:32:16
Sanika VIT: ğŸ’€kya bolu,2023-04-25 19:32:22
Sanika VIT: Tu Kay vicharl tila ?,2023-04-25 19:32:49
Aditya VIT: Will there be Viva for the remaining experiments...,2023-04-25 19:32:49
"Aditya VIT: Since our lectures have finished, I would like to ask if there will be a viva for submissions from 15-19 or not?",2023-04-25 19:33:07
Aditya VIT: We have already given viva for 1-15,2023-04-25 19:33:07
Niraj VIT: Obviously ğŸ—¿,2023-04-25 19:33:08
Sanika VIT: ğŸ˜‚,2023-04-25 19:33:12
Aditya VIT: Vicharu ka tari?,2023-04-25 19:33:25
Sanika VIT: Bgh vicharun,2023-04-25 19:33:34
Niraj VIT: â€GIF omitted,2023-04-25 19:33:45
Aditya VIT: Vicharla aata,2023-04-25 19:33:54
Aditya VIT: ğŸ¥²,2023-04-25 19:33:55
Sanika VIT: Udya direct viva ghenya peksha ..atta vicharlel bar,2023-04-25 19:34:05
Sanika VIT: Noice ğŸ±,2023-04-25 19:34:10
Aditya VIT: Yess,2023-04-25 19:34:10
Aditya VIT: ğŸœ,2023-04-25 19:34:22
Sanika VIT: ğŸ±ğŸ˜‹,2023-04-25 19:34:35
Niraj VIT: Udya viva aahe ch vaachun yaa,2023-04-25 19:34:38
Aditya VIT: ğŸ˜‚ğŸ˜‚ğŸ˜‚,2023-04-25 19:34:49
Sanika VIT: PanvatiğŸ·nko lavu,2023-04-25 19:34:52
Aditya VIT: Yes bolli,2023-04-25 19:34:57
Aditya VIT: ğŸ‘ğŸ»,2023-04-25 19:35:01
Niraj VIT: Satya sangtoy mi baaki bagha tumhi,2023-04-25 19:35:07
Aniket VIT: Haa most probably ğŸ¤£ti bolel last time ky sangitl hott,2023-04-25 19:35:12
Sanika VIT: ğŸ»â€â„,2023-04-25 19:35:13
Niraj VIT: Me tar aadhi ch bollo pan majha kute aikta tumhi,2023-04-25 19:35:28
Sanika VIT: Suna hua dialogue ohhh,2023-04-25 19:35:52
Sanika VIT: Thik thik ğŸ’€,2023-04-25 19:35:58
Aditya VIT: Tu tyaa teacher cha natevaik asta tari tila vicharla asta,2023-04-25 19:36:11
Aditya VIT: ğŸ˜‚ğŸ˜‚ğŸ˜‚ğŸ˜‚,2023-04-25 19:36:13
Sanika VIT: ğŸ˜‚ğŸ˜‚,2023-04-25 19:36:22
Aditya VIT: Tya teacher cha mulga asta tari doubt astachğŸ‘ğŸ»,2023-04-25 19:36:28
Niraj VIT: â€sticker omitted,2023-04-25 19:36:53
Aditya VIT: Yess,2023-04-25 19:36:54
Aditya VIT: Tari vicharla asta,2023-04-25 19:36:58
Aditya VIT: Ghenar kaa viva,2023-04-25 19:37:02
Niraj VIT: â€sticker omitted,2023-04-25 19:37:07
Aditya VIT: â€sticker omitted,2023-04-25 19:47:40
Kadambari Patel: Ayee,2023-05-05 18:32:37
Kadambari Patel: Kya,2023-05-05 18:32:39
Kadambari Patel: Padhre,2023-05-05 18:32:41
Kadambari Patel: Python k liye,2023-05-05 18:32:44
Kadambari Patel: ???,2023-05-05 18:32:47
Shubham VIT: Python,2023-05-05 18:35:57
Kadambari Patel: Yehi bolke aana jabh mam puchegi tuje,2023-05-05 18:36:44
Kadambari Patel: Kya padhke aaye ho tum,2023-05-05 18:36:48
Kadambari Patel: ğŸ¤£ğŸ¤£ğŸ¤£ğŸ¤£,2023-05-05 18:36:50
Shubham VIT: â€sticker omitted,2023-05-05 18:37:48
Niraj VIT: â€GIF omitted,2023-05-05 18:46:49
Kadambari Patel: â€sticker omitted,2023-05-05 20:25:53
Sanket VIT: https://forms.office.com/pages/responsepage.aspx?id=fw2wx5mtKkSxL8LJEgRP3E_tebCd-95Aumi1FJ8KIexUMUpWS05ZMExHWFAyVDA0MFYxQ09EU0I3SC4u,2023-05-06 16:34:56
Sanket VIT: https://me-qr.com/TQN7rACx,2023-05-06 16:37:30
Aditya VIT: Not for usâœŒğŸ»,2023-05-08 18:24:44
Aditya VIT: Na?,2023-05-08 18:24:45
Kadambari Patel: Voh hamne check karaya thana,2023-05-08 18:24:57
Kadambari Patel: Sign vign,2023-05-08 18:25:01
Kadambari Patel: Index page,2023-05-08 18:25:04
Kadambari Patel: Voh leke jate hai,2023-05-08 18:25:08
Kadambari Patel: Incase manga toh,2023-05-08 18:25:14
Aditya VIT: Voh dhundna padega abbğŸ¥²,2023-05-08 18:25:53
Aditya VIT: Apna kal mp na buy,2023-05-08 18:25:56
Aditya VIT: But*,2023-05-08 18:25:56
Sanikaa VIT A: â€sticker omitted,2023-05-08 19:51:25
Kadambari Patel: â€image omitted,2023-05-09 18:11:35
Kadambari Patel: Practicals k liye no laptopğŸ™‚,2023-05-09 18:11:45
Aditya VIT: YessğŸ¥²,2023-05-09 18:12:05
Niraj VIT: Mail login toh kar sakte hei naa ki woh bhi nahi,2023-05-09 18:12:25
Aditya VIT: Haa ye puch naa fatak se,2023-05-09 18:12:53
Kadambari Patel: Voh sabh hogaaa,2023-05-09 18:13:09
Aditya VIT: Mac mai karney kya?,2023-05-09 18:13:22
Niraj VIT: Agar mail login kar sakte hei toh code bhi download karke run kar sakte hei,2023-05-09 18:13:52
Kadambari Patel: Kal phone leke baithna he padhega,2023-05-09 18:13:57
Niraj VIT: Haa aesa he lagta hei,2023-05-09 18:21:58
Kadambari Patel: Abhi just shruti ko,2023-05-09 18:22:17
Kadambari Patel: Call kiya tha,2023-05-09 18:22:19
Kadambari Patel: Bolri haii,2023-05-09 18:22:22
Kadambari Patel: Jara bhi copy karneko nai deri hai,2023-05-09 18:22:32
Kadambari Patel: Tabss dekhaa toh dategi,2023-05-09 18:22:44
Niraj VIT: â€sticker omitted,2023-05-09 18:23:01
Kadambari Patel: Chitss hoge uthanekaa,2023-05-09 18:23:19
Kadambari Patel: Practicals k liye,2023-05-09 18:23:23
Kadambari Patel: Then perform,2023-05-09 18:23:30
Niraj VIT: Nasib gandu hei humara ğŸ¤£,2023-05-09 18:23:39
Kadambari Patel: DekhnağŸ¤£ğŸ¤£,2023-05-09 18:23:49
Niraj VIT: Mera*,2023-05-09 18:23:50
Kadambari Patel: Practicals k dusare do options bhi khatarnak hai,2023-05-09 18:24:04
Kadambari Patel: ğŸ¤£ğŸ¤£ğŸ¤£,2023-05-09 18:24:06
Kadambari Patel: Aaj mera dekha nasib?ğŸ¤£,2023-05-09 18:24:16
Niraj VIT: Wahi naa woh pble kon karega ğŸ’€,2023-05-09 18:24:22
Kadambari Patel: We are on the same pace,2023-05-09 18:24:29
Niraj VIT: Haan bohot sahi tha ğŸ˜‚,2023-05-09 18:24:29
Kadambari Patel: Vohi,2023-05-09 18:24:38
Aditya VIT: Apna,2023-05-09 18:28:39
Aditya VIT: ğŸ˜‚ğŸ˜‚ğŸ˜‚,2023-05-09 18:29:02
Aditya VIT: Mera jyada kharab hai... Tera kaam... Merko chila rahi thi,2023-05-09 18:29:20
Aditya VIT: ğŸ« ,2023-05-09 18:29:22
Niraj VIT: @919769771454 OS theory point of view se konse topics padh rahi hei woh bhej topics name bata,2023-05-09 18:43:17
Kadambari Patel: Critical section wala chapter hainaa,2023-05-09 18:43:42
Kadambari Patel: Vohhh sabhse badha hai,2023-05-09 18:43:50
Kadambari Patel: Voh main karke jaugi,2023-05-09 18:43:56
Niraj VIT: Semaphore wala kya,2023-05-09 18:43:58
Kadambari Patel: Dusara sabh upar upar se,2023-05-09 18:44:06
Kadambari Patel: Ha ha,2023-05-09 18:44:12
Aditya VIT: Notes maam ka acchay kya?,2023-05-09 18:44:27
Aditya VIT: Padhne layak?,2023-05-09 18:44:31
Kadambari Patel: Nai bhai,2023-05-09 18:46:23
Niraj VIT: â€sticker omitted,2023-05-09 18:46:42
Aditya VIT: toh from where u preparing,2023-05-09 18:46:43
Kadambari Patel: And concepts samajke liye,2023-05-09 18:46:46
Kadambari Patel: Bass,2023-05-09 18:46:50
Kadambari Patel: Uska pointss se jara bhi link nai lagriii haiii,2023-05-09 18:47:04
Kadambari Patel: Question le 2-3 ways mai puch chat gpt ko,2023-05-09 18:47:19
Kadambari Patel: Why how how much wale questions,2023-05-09 18:47:29
Kadambari Patel: Then samjega tujee,2023-05-09 18:47:33
Kadambari Patel: Muje lagta hai voh uska he puchegi semaphore walaa,2023-05-09 18:47:53
Kadambari Patel: Isliye voh achese karke jarii,2023-05-09 18:47:59
Kadambari Patel: Dusara sabh bas dekh lugi uske he notes se,2023-05-09 18:48:07
Aditya VIT: Okay okay,2023-05-09 18:49:59
Aditya VIT: Cn kyaa karr rahe ho?,2023-05-10 17:50:41
Kadambari Patel: Naii pataâ˜ºï¸,2023-05-10 17:54:42
Kadambari Patel: ğŸ˜­*,2023-05-10 17:54:46
Kadambari Patel: Ka kitne baje,2023-05-10 17:54:51
Kadambari Patel: Haii,2023-05-10 17:54:51
Kadambari Patel: ???,2023-05-10 17:54:53
Kadambari Patel: Kal*,2023-05-10 17:54:56
Aditya VIT: 9 na?,2023-05-10 17:55:00
Aditya VIT: Mere baju mai aniket mahajan naam ka ek ladka baitha,2023-05-10 18:06:02
Aditya VIT: Jo vo kiya same mai kiya,2023-05-10 18:06:02
Aditya VIT: Bhai itna bada tha copy bhi theek se nahi ho raha tha,2023-05-10 18:06:03
Aditya VIT: Invigilation ayega,2023-05-10 18:06:03
Aditya VIT: Aur bolega packet send karne ko  simulator mai,2023-05-10 18:06:04
Aditya VIT: Successful aya toh pappu paas,2023-05-10 18:06:04
Aditya VIT: Network lab practical exam will start at *11 am* tomorrow,2023-05-10 18:09:30
Aditya VIT: 11?,2023-05-10 18:09:34
Aatmaja VIT: Chutiya ahe,2023-05-10 18:09:43
Aatmaja VIT: Bhdva,2023-05-10 18:09:44
Aditya VIT: âœŒğŸ»,2023-05-10 18:09:49
Aatmaja VIT: Swatahcha pc gheun jau shkto ?,2023-05-10 18:09:59
Aditya VIT: Te details ajun receive karayche baki aahet,2023-05-10 18:12:37
Aditya VIT: Communication chalu aahe,2023-05-10 18:12:44
Niraj VIT: â€sticker omitted,2023-05-10 18:35:12
Aditya VIT: â€sticker omitted,2023-05-10 18:41:18
Aditya VIT: Khudka laptop laa saktey,2023-05-10 18:50:13
Niraj VIT: Sangtoy ki vichaartoy ğŸ—¿ğŸ™‚,2023-05-10 18:50:41
Aditya VIT: Qn mark aahe?,2023-05-10 18:50:54
Aditya VIT: See this is vicharna,2023-05-10 18:51:03
Aditya VIT: This is sangna,2023-05-10 18:51:12
Niraj VIT: Aayushyavar aahe ğŸ˜­,2023-05-10 18:51:14
Aditya VIT: Bachpan se,2023-05-10 18:51:27
Aditya VIT: â€sticker omitted,2023-05-10 18:51:55
Aatmaja VIT: ğŸ¤ŒğŸ»,2023-05-10 18:56:03
Aatmaja VIT: Ajun kay phije,2023-05-10 18:56:08
Aditya VIT: Cpt,2023-05-10 18:56:26
Aditya VIT: Practical assign kela and tyacha vrti viva zala,2023-05-10 19:39:32
Aditya VIT: And net accesa sagla hot mail and all sagla bhagun karu shakto,2023-05-10 19:39:32
Aatmaja VIT: Achaa,2023-05-10 19:39:56
Aditya VIT: Yess,2023-05-10 19:41:05
Sanika VIT: Okikokiee,2023-05-10 19:46:17
Aditya VIT: Yess,2023-05-10 19:47:55
Kadambari Patel: Kal,2023-05-10 21:03:04
Kadambari Patel: Laptop,2023-05-10 21:03:05
Kadambari Patel: Laare,2023-05-10 21:03:07
Kadambari Patel: Ho,2023-05-10 21:03:08
Kadambari Patel: ??,2023-05-10 21:03:09
Niraj VIT: @919224303446 Cisco packet tracer madhe exp 4 kasa karaycha toh exp kele laa asel tar tya chi cisco packet tracer file send kar,2023-05-10 21:03:21
Kadambari Patel: Network Lab List of Experiments Ay2022-23.docx â€¢ â€2 pages â€document omitted,2023-05-10 21:43:21
Kadambari Patel: Ye,2023-05-10 21:43:24
Kadambari Patel: Sabh,2023-05-10 21:43:26
Kadambari Patel: Kya,2023-05-10 21:43:27
Kadambari Patel: Hai,2023-05-10 21:43:29
Kadambari Patel: Bc,2023-05-10 21:43:30
Niraj VIT: Ye kya hei ye kaha se aaye ye toh humne kiye bhi kabhi perform,2023-05-10 21:56:07
Kadambari Patel: dekhnaa bc,2023-05-10 21:56:29
Kadambari Patel: muje lagra hai b div walo ko karaya hai,2023-05-10 21:56:40
Niraj VIT: Ho sakta hei apne ko toh Kanchan Ma'am hei unko puchte hei kal subah,2023-05-10 21:57:39
Kadambari Patel: Hamko shayad shashikaant sir hoge,2023-05-10 22:01:56
Kadambari Patel: Kiyuki unko kanchan mam the,2023-05-10 22:02:08
Kadambari Patel: Ye unke sir wala hai,2023-05-10 22:03:18
Kadambari Patel: Leke rakhte hai,2023-05-10 22:03:25
Kadambari Patel: Safe a side k liye,2023-05-10 22:03:28
Niraj VIT: Unko same experiment teh yaa alag experiment teh,2023-05-10 22:04:54
Kadambari Patel: Alag,2023-05-10 22:05:11
Kadambari Patel: Unko print bhi bolaa thaa,2023-05-10 22:05:20
Kadambari Patel: Hamare teams pe hue submissions,2023-05-10 22:05:26
Niraj VIT: Dekhte hei Jo hoga woh kal subah,2023-05-10 22:06:15
Aditya VIT: Uthlyavar pathavto,2023-05-10 23:05:28
Aditya VIT: ripospf.pkt â€document omitted,2023-05-11 03:13:57
Aditya VIT: Baki che aahet ka kona kade?,2023-05-11 03:14:15
Aditya VIT: https://youtu.be/Y71DK9pP8u0,2023-05-11 08:07:41
Aditya VIT: https://youtu.be/6uxVHmLszT0,2023-05-11 08:07:41
Aditya VIT: https://youtu.be/KHkvXx8Or6w,2023-05-11 08:07:42
Aditya VIT: Ye kartey...,2023-05-11 08:07:59
Aditya VIT: Just pray to God yehi mese aaye?,2023-05-11 08:08:09
Shubham VIT: ğŸ™‡ğŸ»â€â™‚ï¸ğŸ™‡ğŸ»â€â™‚ï¸,2023-05-11 08:10:13
Aditya VIT: ğŸ›ğŸ›,2023-05-11 08:10:27
Kadambari Patel: ğŸ™ğŸ™ğŸ™,2023-05-11 08:23:51
Kadambari Patel: Mandal apla abhari aahe,2023-05-11 08:24:00
Kadambari Patel: Suno maine notes banaye hai,2023-05-11 08:24:08
Kadambari Patel: Wb wale,2023-05-11 08:24:11
Kadambari Patel: Cn k liye,2023-05-11 08:24:14
Kadambari Patel: Chaheye kisko?,2023-05-11 08:24:17
Kadambari Patel: Qb*,2023-05-11 08:24:28
Niraj VIT: Bhejo jo hei sab,2023-05-11 08:24:40
Aditya VIT: â€This message was deleted.,2023-05-11 08:25:06
Aditya VIT: Module 3 chahiye,2023-05-11 08:25:40
Kadambari Patel: Bhai aaise nai kiya,2023-05-11 08:26:14
Kadambari Patel: Kal joh joh mila ans,2023-05-11 08:26:18
Kadambari Patel: Vohi kiye,2023-05-11 08:26:20
Kadambari Patel: Thode internet,2023-05-11 08:26:23
Kadambari Patel: Thode ppt se,2023-05-11 08:26:28
Aditya VIT: ThodeğŸ˜‚ğŸ˜‚ğŸ˜‚ğŸ˜‚,2023-05-11 08:26:31
Kadambari Patel: ğŸ¤£ğŸ¤£,2023-05-11 08:26:39
Aditya VIT: Ye toh refer kia ki nahi voh bhi nahi malum merkoğŸ˜‚,2023-05-11 08:26:43
Aditya VIT: Notes kuch samaj bhi nahi rahe,2023-05-11 08:26:54
Aatmaja VIT: bhejnaa,2023-05-11 08:30:52
Aditya VIT: Je aahe ikde naa vicharta pathvat jaa,2023-05-11 08:31:18
Aditya VIT: Ikdun req nahi aali tari... Packet receive jhalyavar acknowledgement yeil,2023-05-11 08:31:42
Niraj VIT: ğŸ˜‚ğŸ˜‚ğŸ˜‚ğŸ˜‚ğŸ˜‚,2023-05-11 08:33:51
Aditya VIT: ğŸ˜‚,2023-05-11 08:35:07
Kadambari Patel: ğŸ¤£ğŸ¤£ğŸ¤£,2023-05-11 08:35:27
Kadambari Patel: Ho gaya hai sabh,2023-05-11 08:35:31
Kadambari Patel: Padhaiii,2023-05-11 08:35:32
Aditya VIT: Haa itna hi hua haiâœŒğŸ»,2023-05-11 08:35:45
Kadambari Patel: Looo,2023-05-11 08:44:46
Aditya VIT: ring topology.pkt â€document omitted,2023-05-11 08:58:26
Aditya VIT: Confidential property do not share,2023-05-11 08:59:03
Aditya VIT: Ha msg thoda late aala,2023-05-11 08:59:08
Aditya VIT: Thoda mhanje barach,2023-05-11 08:59:26
Aditya VIT: Not my mistake,2023-05-11 08:59:33
Kadambari Patel: Horayyy,2023-05-11 09:14:57
Kadambari Patel: Runn,2023-05-11 09:14:58
Aditya VIT: Noice,2023-05-11 09:15:23
Kadambari Patel: Puchrii,2023-05-11 09:15:34
Kadambari Patel: Huuu,2023-05-11 09:15:35
Kadambari Patel: ğŸ¤£ğŸ¤£,2023-05-11 09:15:38
Kadambari Patel: vlan.pkt â€document omitted,2023-05-11 10:45:10
Kadambari Patel: sabh runniing hai,2023-05-11 10:45:18
Kadambari Patel: loooo,2023-05-11 10:45:20
Aditya VIT: Noiceeee,2023-05-11 10:45:29
Kadambari Patel: Agar normally run aake fail hua,2023-05-11 10:46:13
Kadambari Patel: Toh 4-5 baar re run karo,2023-05-11 10:46:33
Kadambari Patel: Ho jayegaa,2023-05-11 10:46:35
Aditya VIT: abnormally kasie run kare??,2023-05-11 10:46:43
Aditya VIT: okay,2023-05-11 10:46:50
Kadambari Patel: kholo,2023-05-11 10:48:55
Kadambari Patel: aur bas packet dalo,2023-05-11 10:49:02
Kadambari Patel: ek pc se dusare mai,2023-05-11 10:49:07
Kadambari Patel: done,2023-05-11 10:49:11
Kadambari Patel: right corner mai successful ayega,2023-05-11 10:49:29
Aditya VIT: okaayyyyyy,2023-05-11 10:49:39
Aditya VIT: thaannnnkkkkkkkkkkkkkkk yoooooouuuuuuuuu,2023-05-11 10:49:46
Kadambari Patel: Allll,2023-05-16 08:45:45
Kadambari Patel: Theee,2023-05-16 08:45:47
Kadambari Patel: Besttt,2023-05-16 08:45:48
Kadambari Patel: Bhaiyooo,2023-05-16 08:45:50
Kadambari Patel: Aur,2023-05-16 08:45:51
Kadambari Patel: Behenooo,2023-05-16 08:45:53
Kadambari Patel: Achesee,2023-05-16 08:45:54
Kadambari Patel: Likhooo,2023-05-16 08:45:57
Kadambari Patel: !!!!,2023-05-16 08:45:59
Aditya VIT: All theee bessttt everyone ğŸ’ªğŸ’ª,2023-05-16 08:49:08
Aditya VIT: https://www.ques10.com/p/37470/construct-huffman-code-for-the-given-symbols/,2023-05-16 20:34:41
Aditya VIT: He calculation kara naa koni tari,2023-05-17 06:42:09
Aditya VIT: Mala h(x) cha ans 2.73 yetay,2023-05-17 06:42:33
Shubham VIT: Ha same,2023-05-17 09:32:25
Shubham VIT: 2.7294 yetay mala,2023-05-17 09:32:35
Shubham VIT: He wrong ahe,2023-05-17 09:32:46
Aditya VIT: Haa tech,2023-05-17 09:36:50
Aditya VIT: Round off kela,2023-05-17 09:36:53
Aditya VIT: Easy calculation sathi,2023-05-17 09:37:00
Kadambari Patel: 98% aara haina final?,2023-05-17 15:50:31
Niraj VIT: 99.2 aaya mera,2023-05-17 15:58:12
Shubham VIT: 99,2023-05-17 16:01:03
Niraj VIT: â€image omitted,2023-05-17 16:03:55
Kadambari Patel: Dhanyvad ğŸ™,2023-05-17 16:05:18
Aditya VIT: ğŸ—½,2023-05-17 16:40:41
Niraj VIT: I don't what you mean but here's a the emojiğŸ—¿ğŸ—¿ğŸ—¿,2023-05-17 16:41:26
Aditya VIT: I don't know what I mean...,2023-05-17 16:41:52
Aatmaja VIT: @919372250702,2023-05-17 16:42:05
Aatmaja VIT: Yevdhaaaa,2023-05-17 16:42:07
Aatmaja VIT: Koniii,2023-05-17 16:42:09
Aatmaja VIT: Lihitaaa,2023-05-17 16:42:13
Aatmaja VIT: Kaaa,2023-05-17 16:42:15
Aatmaja VIT: Bc,2023-05-17 16:42:16
Niraj VIT: Ek ch tar message aahe ğŸ™‚,2023-05-17 16:42:33
Aditya VIT: Haa naa,2023-05-17 16:42:37
Aditya VIT: Loka kashi pan ani kadhi pan offend hotat,2023-05-17 16:42:47
Aatmaja VIT: CN chaaaaaa,2023-05-17 16:42:59
Aatmaja VIT: Bolteeee,2023-05-17 16:43:01
Aatmaja VIT: Miiio,2023-05-17 16:43:03
Aatmaja VIT: ğŸ˜¤ğŸ˜¤,2023-05-17 16:43:13
Aditya VIT: Doghe mand aahot aapan @919372250702 ğŸ—½,2023-05-17 16:43:31
Niraj VIT: Purna kaa vachtays but tu mi purna lihun purna nahi vaachat aahe,2023-05-17 16:43:37
Niraj VIT: Tyat kahi prashna ch navta,2023-05-17 16:43:52
Aditya VIT: U guys are studying?,2023-05-17 16:44:01
Aatmaja VIT: Mag kasa,2023-05-17 16:44:04
Aatmaja VIT: Vachuuu,2023-05-17 16:44:08
Aatmaja VIT: ğŸ˜­,2023-05-17 16:44:10
Aditya VIT: Imp important onli,2023-05-17 16:44:14
Aditya VIT: âœŒğŸ»,2023-05-17 16:44:16
Aditya VIT: Inshort... Nothing,2023-05-17 16:44:27
Niraj VIT: Important points kara pass hou aaramaat ğŸ˜‚,2023-05-17 16:44:55
Aatmaja VIT: Pthv,2023-05-17 16:45:04
Aatmaja VIT: Lihun,2023-05-17 16:45:06
Aatmaja VIT: Important,2023-05-17 16:45:09
Aatmaja VIT: Pointssssss,2023-05-17 16:45:11
Aditya VIT: Me pathavto waiy,2023-05-17 16:45:17
Aditya VIT: Wait,2023-05-17 16:45:18
Aditya VIT: â€image omitted,2023-05-17 16:45:44
Aditya VIT: Ghe,2023-05-17 16:45:46
Niraj VIT: â€image omitted,2023-05-17 16:45:54
Niraj VIT: ğŸ¤£ğŸ¤£ğŸ¤£ğŸ¤£ğŸ¤£ğŸ¤£ğŸ¤£ğŸ¤£ğŸ¤£,2023-05-17 16:46:02
Aatmaja VIT: Okayss,2023-05-17 16:46:45
Niraj VIT: Baaki pan vaacha,2023-05-17 16:46:58
Aditya VIT: â€sticker omitted,2023-05-17 16:47:26
Aatmaja VIT: Paper leak kara,2023-05-17 16:47:28
Aditya VIT: â€sticker omitted,2023-05-17 16:49:52
Aatmaja VIT: Koni subnetting che sums,2023-05-17 16:51:50
Aatmaja VIT: Kele astil tar,2023-05-17 16:51:53
Aatmaja VIT: Pathvaa,2023-05-17 16:51:54
Aditya VIT: Ayy baba module 6 dekha kyaa? ğŸ¥²ğŸ¥²ğŸ¥²,2023-05-20 07:46:31
Niraj VIT: Kutle kutle modules aahet exam madhe te sang,2023-05-20 08:08:11
Aditya VIT: Te pan neet nahi mahit,2023-05-20 08:08:23
Aditya VIT: ğŸ¥²,2023-05-20 08:08:26
Aditya VIT: Mse la kay kela hota apan?,2023-05-20 08:08:32
Aditya VIT: 6 aata upload kela Mhanje toh module aselach,2023-05-20 08:08:44
Niraj VIT: 3 to 6 asel naa mag,2023-05-20 08:09:00
Aditya VIT: 5 tar mse la jhala nasel mhanun te pan assl,2023-05-20 08:09:01
Aditya VIT: Haa kadachit,2023-05-20 08:09:13
Niraj VIT: Syllabus ch nahi mahit aaplyala ğŸ™‚,2023-05-20 08:09:19
Aditya VIT: ğŸ¥²ğŸ¥²,2023-05-20 08:09:34
Aditya VIT: Ulta start karuya... Je vachu te aselachğŸ™‚,2023-05-20 08:09:53
Niraj VIT: Haan ğŸ‘,2023-05-20 08:10:01
Niraj VIT: Download karto aata sagle pdf,2023-05-20 08:10:13
Shubham VIT: â€sticker omitted,2023-05-20 08:39:31
Niraj VIT: â€sticker omitted,2023-05-20 08:42:07
Aditya VIT: â€sticker omitted,2023-05-20 08:43:30
Kadambari Patel: Ayee,2023-05-20 08:43:31
Kadambari Patel: 6 module,2023-05-20 08:43:34
Kadambari Patel: Dalaa mam,2023-05-20 08:43:36
Kadambari Patel: Nee,2023-05-20 08:43:37
Kadambari Patel: Teams,2023-05-20 08:43:39
Kadambari Patel: Pe,2023-05-20 08:43:40
Aditya VIT: morning ğŸ‘,2023-05-20 08:43:46
Kadambari Patel: â€sticker omitted,2023-05-20 08:43:57
Aditya VIT: ğŸ¥²,2023-05-20 08:44:04
Aditya VIT: ğŸ˜‚ğŸ˜‚ğŸ˜‚,2023-05-20 08:44:13
Aditya VIT: Module 4.pdf â€¢ â€99 pages â€document omitted,2023-05-20 09:36:37
Aditya VIT: Itna hi na?,2023-05-20 09:36:40
Aatmaja VIT: Yes,2023-05-20 09:41:35
Aditya VIT: ğŸ‘,2023-05-20 09:42:37
Aditya VIT: Nahi det ahe ma'am konalach,2023-05-20 10:37:10
Aditya VIT: Fakt evdha mhatli ki 3 4 kar,2023-05-20 10:37:11
Aditya VIT: 5 6 madhna kami yenar,2023-05-20 10:37:11
Aditya VIT: â€image omitted,2023-05-20 14:34:39
Aditya VIT: Imp wala kahi vichara naağŸ˜‚,2023-05-20 15:03:22
Sanika VIT: Tu vichar ğŸ™‚,2023-05-20 15:03:33
Aditya VIT: Saglach imp bolte fakt,2023-05-20 15:03:43
Aditya VIT: ğŸ¥²,2023-05-20 15:03:45
Sanika VIT: ğŸ˜‚,2023-05-20 15:03:52
Aditya VIT: ğŸ¥²ğŸ¥²ğŸ˜‚,2023-05-20 15:03:56
Aditya VIT: Paging cha 2m cha qn nasel kadachit ğŸ˜‚,2023-05-20 15:10:45
Aditya VIT: Itka detail madhe bolli maamğŸ˜‚,2023-05-20 15:10:59
Sanika VIT: Paging ch sum ch khup zala ğŸ™‚,2023-05-20 15:11:02
Aditya VIT: Haa techh,2023-05-20 15:11:21
Aditya VIT: Qb yetey Mhanje,2023-05-20 15:22:03
Aditya VIT: âœŒğŸ»,2023-05-20 15:22:06
Shubham VIT: theroy che ans pathv tya questons mdhle,2023-05-20 15:22:34
Aditya VIT: Kadhi paryant yenar aahe?,2023-05-20 15:22:54
Shubham VIT: 1.45 hrs,2023-05-20 15:23:13
Aditya VIT: Okay,2023-05-20 15:24:09
Aditya VIT: Attendance ka marks cover karne ke liye kitna marks lana hoga?,2023-05-20 15:26:10
Aditya VIT: ğŸ˜‚ğŸ˜‚ğŸ˜‚ğŸ˜‚,2023-05-20 15:26:12
Aditya VIT: Numericals kia toh bhi pass hai na? âœŒğŸ»,2023-05-20 15:28:56
Sanika VIT: Aaram se,2023-05-20 15:29:10
Aditya VIT: Qn kadhi yenar vicharu ka?,2023-05-20 15:30:00
Aditya VIT: ğŸ˜‚,2023-05-20 15:30:02
Sanika VIT: ğŸ™‚ ti boli na 1:45 mahddye deil ğŸ™‚,2023-05-20 15:31:19
Aditya VIT: Achaa okay ğŸ¤«,2023-05-20 15:31:31
Aditya VIT: Chala pass tar hou apan,2023-05-20 15:33:46
Sanika VIT: Aaramat,2023-05-20 15:33:51
Aditya VIT: Aata direct parva abhyas karaychaâœŒğŸ»,2023-05-20 15:34:01
Sanika VIT: ğŸ™‚parva paper ahe na,2023-05-20 15:34:09
Aditya VIT: Haa ma sakali numericals karache,2023-05-20 15:34:59
Aditya VIT: Passing pahije naa,2023-05-20 15:35:06
Sanika VIT: Yes,2023-05-20 15:35:08
Niraj VIT: Fakta passing naa theek aahe tula result madhe 10 pointer yeude takla sujavtoy mi tujha,2023-05-20 15:36:07
Aatmaja VIT: FckğŸ¤£ğŸ¤£ğŸ¤£,2023-05-20 15:44:36
Aditya VIT: Aree bc... ğŸ˜‚ğŸ˜‚ğŸ˜‚ğŸ˜‚ğŸ˜‚ğŸ˜‚ğŸ˜‚,2023-05-20 15:45:00
Aditya VIT: Good oneğŸ˜‚ğŸ˜‚ğŸ˜‚ğŸ˜‚ğŸ˜‚ğŸ˜‚,2023-05-20 15:45:09
Aditya VIT: But condition wrong aahe,2023-05-20 15:45:17
Aditya VIT: â€image omitted,2023-05-20 15:56:19
Niraj VIT: Uska sabun slow hai ğŸ¤£,2023-05-20 15:56:42
Aditya VIT: â€sticker omitted,2023-05-20 16:00:45
Shubham 2 VIT: â€image omitted,2023-05-24 18:55:30
Shubham 2 VIT: ğŸ’€ğŸ’€,2023-05-24 18:55:33
Aditya VIT: Sagli kade branches open kelet,2023-05-24 19:28:27
Aditya VIT: Sabka grp hua kya?,2023-07-03 14:31:31
Aditya VIT: College jatay ka?,2023-07-20 08:21:49
Aditya VIT: Roll number 1...2...3...4 ignore this,2023-07-20 08:22:10
Shubham VIT: Mi Monday lach yeil ata,2023-07-20 09:51:16
Aditya VIT: ğŸ˜‚ğŸ˜‚,2023-07-20 09:56:29
Aditya VIT: Aaj nakki koni gela navhta naa clg la?,2023-07-20 16:18:09
Aditya VIT: Aplya var aarop hotayt,2023-07-20 16:18:22
Aditya VIT: Mai suna tum dsy wala public gaya tha,2023-07-20 16:18:57
Aditya VIT: Aur sir ne lecture liya,2023-07-20 16:18:57
Aditya VIT: Attendance gaya hai,2023-07-20 16:18:57
Aditya VIT: Lecture cancel he hua tha,2023-07-20 16:18:58
Aditya VIT: Kuch dsy Wale log Gaye aur bola sir lecture lo,2023-07-20 16:18:58
Aditya VIT: Toh sir ne liya,2023-07-20 16:18:58
Sanikaa VIT A: B batch ch dsy gele hote,2023-07-20 16:24:40
Sanikaa VIT A: Zeenat Nadim Ankita idk ajun dsy vale hote,2023-07-20 16:24:54
Sanikaa VIT A: Anam arisha pn hote ig total 13 hote class madhe,2023-07-20 16:25:05
Aditya VIT: 13 jan hote total ğŸ¥²,2023-07-20 16:25:05
Aditya VIT: Yess,2023-07-20 16:25:10
Sanikaa VIT A: Haaa yaar,2023-07-20 16:25:18
Sanikaa VIT A: Huh,2023-07-20 16:25:19
Aditya VIT: Aplya madhla ek hota,2023-07-20 16:25:45
Sanikaa VIT A: Ohhhh,2023-07-20 16:25:51
Sanikaa VIT A: Aplya class madhun ?,2023-07-20 16:25:56
Aditya VIT: 1,2023-07-20 16:26:00
Aditya VIT: Dsy,2023-07-20 16:26:05
Sanikaa VIT A: Umum imposter,2023-07-20 16:26:06
Aditya VIT: ğŸ˜‚ğŸ˜‚,2023-07-20 16:26:10
Niraj VIT: â€sticker omitted,2023-07-20 17:03:51
Shubham VIT: @919987017427 tu gelela ka?,2023-07-20 17:05:04
Shubham 2 VIT: Ny,2023-07-20 17:44:29
Aditya VIT: No imposter?,2023-07-20 17:45:32
Niraj VIT: Dsy chi identity gheun kon dusra cha manus imposter aahe ğŸ˜‚,2023-07-20 18:10:36
Aditya VIT: ğŸ˜‚ğŸ˜‚ğŸ˜‚,2023-07-20 18:14:01
Shubham 2 VIT: Sagle zople ka aaj,2023-07-21 10:01:07
Shubham 2 VIT: Me ektach ahe ğŸ—¿,2023-07-21 10:01:13
Aditya VIT: Kon bollela jaylağŸ˜‚,2023-07-21 10:01:26
Niraj VIT: Tu college madhe gelas kaa,2023-07-21 10:01:28
Shubham 2 VIT: Ho,2023-07-21 10:01:33
Shubham 2 VIT: ğŸ˜¢,2023-07-21 10:01:36
Aditya VIT: Nahi... Ghari aahe ektağŸ‘,2023-07-21 10:01:41
Shubham 2 VIT: 4 loka ahet me ekta dsy wala,2023-07-21 10:01:49
Niraj VIT: You been rickrolled ğŸ™‚,2023-07-21 10:01:50
Aditya VIT: Never gonna give you up ğŸ˜‚ğŸ˜‚ğŸ˜‚,2023-07-21 10:02:03
Shubham 2 VIT: â€sticker omitted,2023-07-21 10:02:13
Aditya VIT: Teacher la dharun ka? ğŸ˜‚,2023-07-21 10:02:15
Shubham 2 VIT: Mag 5,2023-07-21 10:02:21
Niraj VIT: Mi give up kela college yenya badal ğŸ˜‚,2023-07-21 10:02:29
Aditya VIT: College aisa bunk karo ki bass 4 log hi class mai rahe,2023-07-21 10:02:45
Aditya VIT: Aaj tar almost saglyaniğŸ˜‚,2023-07-21 10:02:55
Niraj VIT: ğŸ¤£ğŸ¤£ğŸ¤£ğŸ¤£ğŸ¤£,2023-07-21 10:02:57
Shubham 2 VIT: ğŸ«¡ğŸ«¡,2023-07-21 10:03:02
Niraj VIT: Long weekend chalu aahe sarvan cha Wednesday Pasun ğŸ˜‚,2023-07-21 10:03:15
Aditya VIT: Ye ghari ye,2023-07-21 10:03:15
Shubham 2 VIT: Gharatle boltayt college la ja college Wale boltayt ghari ja,2023-07-21 10:03:45
Shubham 2 VIT: Ata kay station var basu,2023-07-21 10:03:51
Niraj VIT: Us bro us,2023-07-21 10:03:57
Niraj VIT: Canteen madhe jaa mast pubg khel ğŸ˜‚,2023-07-21 10:04:17
Shubham 2 VIT: Nako maza tya game var nishedh ahe,2023-07-21 10:04:39
Shubham 2 VIT: Me clash royale khelto ğŸ‘,2023-07-21 10:04:51
Aditya VIT: CR*,2023-07-21 10:07:24
Aditya VIT: ğŸ˜‚ğŸ˜‚,2023-07-21 10:07:30
Niraj VIT: ğŸ”¥ğŸ”¥ğŸ˜‚,2023-07-21 10:07:42
Shubham 2 VIT: Koni yenar ahe ka aaj nantar?,2023-07-21 10:07:59
Niraj VIT: Not me,2023-07-21 10:08:07
Shubham 2 VIT: Ka aaj gharich,2023-07-21 10:08:08
Aditya VIT: Clg cha naav ghyaycha ani marine la jaun dubun jaycha,2023-07-21 10:08:21
Aditya VIT: Kaa aaj college?,2023-07-21 10:08:39
Shubham 2 VIT: ğŸ¤”,2023-07-21 10:09:05
Aditya VIT: Yeun kahi karnar tar nahi,2023-07-21 10:09:49
Aditya VIT: â€sticker omitted,2023-07-21 10:11:58
Shubham 2 VIT: â€sticker omitted,2023-07-21 10:14:20
Aditya VIT: 4 janancha attendance?,2023-07-21 10:14:59
Shubham 2 VIT: Ho,2023-07-21 10:15:39
Niraj VIT: Attendance toh Attendance Hove 4 ho yaa 40,2023-07-21 10:16:04
Aditya VIT: â€sticker omitted,2023-07-21 10:17:38
Aditya VIT: Shikavla tar kahi ğŸ”” nasel na?,2023-07-21 10:22:15
Shubham 2 VIT: Nahi,2023-07-21 10:24:58
Shubham 2 VIT: à¤†à¤²à¤¾ à¤…à¤¨à¥ à¤—à¥‡à¤²à¤¾,2023-07-21 10:25:07
Aditya VIT: â€sticker omitted,2023-07-21 10:26:09
